Building custom linters...
Running custom linters (largefunc max-lines=60)...
/home/runner/work/gh-aw/gh-aw/pkg/cli/mcp_inspect_inspector.go:65:6: defer inside a loop does not execute at the end of each iteration; it runs when the enclosing function returns, which can cause resource leaks
/home/runner/work/gh-aw/gh-aw/pkg/cli/add_workflow_compilation.go:157:6: compileSafeOutputsWorkflowDependencies has 10 parameters (limit: 8); consider using an options struct
/home/runner/work/gh-aw/gh-aw/pkg/cli/docker_images.go:261:6: CheckAndPrepareDockerImages has 9 parameters (limit: 8); consider using an options struct
/home/runner/work/gh-aw/gh-aw/pkg/cli/run_interactive.go:31:6: RunWorkflowInteractively has 9 parameters (limit: 8); consider using an options struct
/home/runner/work/gh-aw/gh-aw/pkg/cli/grant.go:152:25: hard-coded file path "/tmp/gh-aw-grant-policy.yaml": consider extracting as a named constant
/home/runner/work/gh-aw/gh-aw/pkg/parser/remote_download_file.go:383:6: downloadFileViaGitClone is 68 lines long (limit: 60); consider breaking it up
/home/runner/work/gh-aw/gh-aw/pkg/workflow/antigravity_engine.go:155:29: GetExecutionSteps is 204 lines long (limit: 60); consider breaking it up
/home/runner/work/gh-aw/gh-aw/pkg/workflow/auto_update_workflow.go:70:6: GenerateAutoUpdateWorkflow is 65 lines long (limit: 60); consider breaking it up
/home/runner/work/gh-aw/gh-aw/pkg/workflow/auto_update_workflow.go:164:6: buildAutoUpdateWorkflowYAML is 66 lines long (limit: 60); consider breaking it up
/home/runner/work/gh-aw/gh-aw/pkg/workflow/awf_config.go:421:6: BuildAWFConfigJSON is 284 lines long (limit: 60); consider breaking it up
/home/runner/work/gh-aw/gh-aw/pkg/workflow/awf_helpers.go:229:6: BuildAWFCommand is 377 lines long (limit: 60); consider breaking it up
/home/runner/work/gh-aw/gh-aw/pkg/workflow/awf_helpers.go:630:6: BuildAWFArgs is 168 lines long (limit: 60); consider breaking it up
/home/runner/work/gh-aw/gh-aw/pkg/workflow/awf_helpers.go:930:6: ComputeAWFExcludeEnvVarNames is 78 lines long (limit: 60); consider breaking it up
/home/runner/work/gh-aw/gh-aw/pkg/workflow/behavior_defined_engine.go:260:33: GetExecutionSteps is 144 lines long (limit: 60); consider breaking it up
/home/runner/work/gh-aw/gh-aw/pkg/workflow/cache.go:515:6: generateCacheMemorySteps is 88 lines long (limit: 60); consider breaking it up
/home/runner/work/gh-aw/gh-aw/pkg/workflow/cache.go:717:6: generateCacheMemoryArtifactUpload is 63 lines long (limit: 60); consider breaking it up
/home/runner/work/gh-aw/gh-aw/pkg/workflow/cache.go:785:6: buildCacheMemoryPromptSection is 118 lines long (limit: 60); consider breaking it up
/home/runner/work/gh-aw/gh-aw/pkg/workflow/cache.go:908:20: buildUpdateCacheMemoryJob is 177 lines long (limit: 60); consider breaking it up
/home/runner/work/gh-aw/gh-aw/pkg/workflow/central_slash_command_workflow.go:131:6: collectCentralSlashCommandRoutes is 69 lines long (limit: 60); consider breaking it up
/home/runner/work/gh-aw/gh-aw/pkg/workflow/central_slash_command_workflow.go:203:6: collectCentralLabelCommandRoutes is 64 lines long (limit: 60); consider breaking it up
/home/runner/work/gh-aw/gh-aw/pkg/workflow/central_slash_command_workflow.go:342:6: buildCentralSlashCommandWorkflowYAML is 66 lines long (limit: 60); consider breaking it up
/home/runner/work/gh-aw/gh-aw/pkg/workflow/central_slash_command_workflow.go:419:6: buildHelpCommandEntries is 113 lines long (limit: 60); consider breaking it up
/home/runner/work/gh-aw/gh-aw/pkg/workflow/checkout_config_parser.go:80:6: checkoutConfigFromMap is 199 lines long (limit: 60); consider breaking it up
/home/runner/work/gh-aw/gh-aw/pkg/workflow/checkout_config_parser.go:292:6: buildCheckoutsPromptContent is 80 lines long (limit: 60); consider breaking it up
/home/runner/work/gh-aw/gh-aw/pkg/workflow/checkout_manager.go:264:28: add is 81 lines long (limit: 60); consider breaking it up
/home/runner/work/gh-aw/gh-aw/pkg/workflow/checkout_step_generator.go:245:28: GenerateConfigureGitCredentialsSteps is 123 lines long (limit: 60); consider breaking it up
/home/runner/work/gh-aw/gh-aw/pkg/workflow/checkout_step_generator.go:381:28: GenerateDefaultCheckoutStep is 122 lines long (limit: 60); consider breaking it up
/home/runner/work/gh-aw/gh-aw/pkg/workflow/checkout_step_generator.go:516:6: generateCheckoutStepLines is 76 lines long (limit: 60); consider breaking it up
/home/runner/work/gh-aw/gh-aw/pkg/workflow/claude_logs.go:145:24: parseClaudeJSONLog is 185 lines long (limit: 60); consider breaking it up
/home/runner/work/gh-aw/gh-aw/pkg/workflow/claude_logs.go:334:24: parseToolCallsWithSequence is 91 lines long (limit: 60); consider breaking it up
/home/runner/work/gh-aw/gh-aw/pkg/workflow/claude_tools.go:20:24: expandNeutralToolsToClaudeTools is 75 lines long (limit: 60); consider breaking it up
/home/runner/work/gh-aw/gh-aw/pkg/workflow/codex_engine.go:111:23: GetInstallationSteps is 61 lines long (limit: 60); consider breaking it up
/home/runner/work/gh-aw/gh-aw/pkg/workflow/codex_engine.go:207:23: GetExecutionSteps is 315 lines long (limit: 60); consider breaking it up
/home/runner/work/gh-aw/gh-aw/pkg/workflow/codex_engine.go:533:23: expandNeutralToolsToCodexTools is 63 lines long (limit: 60); consider breaking it up
/home/runner/work/gh-aw/gh-aw/pkg/workflow/codex_logs.go:16:23: ParseLogMetrics is 75 lines long (limit: 60); consider breaking it up
/home/runner/work/gh-aw/gh-aw/pkg/workflow/codex_logs.go:95:23: parseCodexToolCallsWithSequence is 101 lines long (limit: 60); consider breaking it up
/home/runner/work/gh-aw/gh-aw/pkg/workflow/codex_mcp.go:21:23: RenderMCPConfig is 148 lines long (limit: 60); consider breaking it up
/home/runner/work/gh-aw/gh-aw/pkg/workflow/command.go:22:6: buildEventAwareCommandCondition is 198 lines long (limit: 60); consider breaking it up
/home/runner/work/gh-aw/gh-aw/pkg/workflow/compiler.go:129:20: generateAndValidateYAML is 118 lines long (limit: 60); consider breaking it up
/home/runner/work/gh-aw/gh-aw/pkg/workflow/compiler.go:412:20: CompileWorkflowData is 171 lines long (limit: 60); consider breaking it up
/home/runner/work/gh-aw/gh-aw/pkg/workflow/compiler_activation_daily_aic.go:99:20: buildActivationDailyAICGuardrailStep is 66 lines long (limit: 60); consider breaking it up
/home/runner/work/gh-aw/gh-aw/pkg/workflow/compiler_activation_job.go:37:20: buildActivationJob is 67 lines long (limit: 60); consider breaking it up
/home/runner/work/gh-aw/gh-aw/pkg/workflow/compiler_activation_job.go:396:20: generateCheckoutGitHubFolderForActivation is 90 lines long (limit: 60); consider breaking it up
/home/runner/work/gh-aw/gh-aw/pkg/workflow/compiler_activation_permissions.go:39:6: buildActivationAppTokenPermissions is 79 lines long (limit: 60); consider breaking it up
/home/runner/work/gh-aw/gh-aw/pkg/workflow/compiler_activation_steps.go:173:20: addActivationSkillInstallSteps is 74 lines long (limit: 60); consider breaking it up
/home/runner/work/gh-aw/gh-aw/pkg/workflow/compiler_aw_context.go:52:6: injectInputIntoTrigger is 89 lines long (limit: 60); consider breaking it up
/home/runner/work/gh-aw/gh-aw/pkg/workflow/compiler_custom_jobs.go:479:20: configureCustomJobSteps is 88 lines long (limit: 60); consider breaking it up
/home/runner/work/gh-aw/gh-aw/pkg/workflow/compiler_custom_jobs.go:685:20: applyBuiltinJobNeedsAugmentations is 62 lines long (limit: 60); consider breaking it up
/home/runner/work/gh-aw/gh-aw/pkg/workflow/compiler_custom_jobs.go:780:6: insertPreStepsAtEarliestBoundary is 70 lines long (limit: 60); consider breaking it up
/home/runner/work/gh-aw/gh-aw/pkg/workflow/compiler_difc_proxy.go:362:6: injectProxyEnvIntoCustomSteps is 69 lines long (limit: 60); consider breaking it up
/home/runner/work/gh-aw/gh-aw/pkg/workflow/compiler_experiments.go:133:6: extractOneExperimentConfig is 93 lines long (limit: 60); consider breaking it up
/home/runner/work/gh-aw/gh-aw/pkg/workflow/compiler_experiments.go:650:20: buildPushExperimentsStateJob is 87 lines long (limit: 60); consider breaking it up
/home/runner/work/gh-aw/gh-aw/pkg/workflow/compiler_github_actions_steps.go:60:6: generatePlaceholderSubstitutionStep is 63 lines long (limit: 60); consider breaking it up
/home/runner/work/gh-aw/gh-aw/pkg/workflow/compiler_github_mcp_steps.go:23:20: generateGitHubMCPLockdownDetectionStep is 70 lines long (limit: 60); consider breaking it up
/home/runner/work/gh-aw/gh-aw/pkg/workflow/compiler_github_mcp_steps.go:201:20: generateParseGuardVarsStep is 63 lines long (limit: 60); consider breaking it up
/home/runner/work/gh-aw/gh-aw/pkg/workflow/compiler_jobs.go:177:20: buildJobs is 80 lines long (limit: 60); consider breaking it up
/home/runner/work/gh-aw/gh-aw/pkg/workflow/compiler_main_job.go:21:20: buildMainJob is 61 lines long (limit: 60); consider breaking it up
/home/runner/work/gh-aw/gh-aw/pkg/workflow/compiler_main_job_helpers.go:255:20: buildMainJobEnv is 65 lines long (limit: 60); consider breaking it up
/home/runner/work/gh-aw/gh-aw/pkg/workflow/compiler_orchestrator_engine.go:253:20: resolveEngineFromIncludesAndImports is 61 lines long (limit: 60); consider breaking it up
/home/runner/work/gh-aw/gh-aw/pkg/workflow/compiler_orchestrator_engine.go:328:20: applyEngineImportDefaults is 73 lines long (limit: 60); consider breaking it up
/home/runner/work/gh-aw/gh-aw/pkg/workflow/compiler_orchestrator_frontmatter.go:83:20: parseFrontmatterSection is 191 lines long (limit: 60); consider breaking it up
/home/runner/work/gh-aw/gh-aw/pkg/workflow/compiler_orchestrator_workflow.go:394:20: extractAdditionalConfigurations is 156 lines long (limit: 60); consider breaking it up
/home/runner/work/gh-aw/gh-aw/pkg/workflow/compiler_orchestrator_workflow.go:622:20: processOnSectionAndFilters is 92 lines long (limit: 60); consider breaking it up
/home/runner/work/gh-aw/gh-aw/pkg/workflow/compiler_safe_output_jobs.go:16:20: buildSafeOutputsJobs is 142 lines long (limit: 60); consider breaking it up
/home/runner/work/gh-aw/gh-aw/pkg/workflow/compiler_safe_output_jobs.go:178:20: buildCallWorkflowJobs is 171 lines long (limit: 60); consider breaking it up
/home/runner/work/gh-aw/gh-aw/pkg/workflow/compiler_safe_outputs_job.go:177:20: buildSafeOutputsSetupAndDownloadSteps is 85 lines long (limit: 60); consider breaking it up
/home/runner/work/gh-aw/gh-aw/pkg/workflow/compiler_safe_outputs_job.go:269:20: buildSafeOutputsHandlerOutputsAndActionSteps is 220 lines long (limit: 60); consider breaking it up
/home/runner/work/gh-aw/gh-aw/pkg/workflow/compiler_safe_outputs_job.go:748:20: buildJobLevelSafeOutputEnvVars is 127 lines long (limit: 60); consider breaking it up
/home/runner/work/gh-aw/gh-aw/pkg/workflow/compiler_safe_outputs_steps.go:90:20: buildHandlerManagerStep is 204 lines long (limit: 60); consider breaking it up
/home/runner/work/gh-aw/gh-aw/pkg/workflow/compiler_string_api.go:57:20: ParseWorkflowString is 168 lines long (limit: 60); consider breaking it up
/home/runner/work/gh-aw/gh-aw/pkg/workflow/compiler_unlock_job.go:20:20: buildUnlockJob is 102 lines long (limit: 60); consider breaking it up
/home/runner/work/gh-aw/gh-aw/pkg/workflow/compiler_workflow_call.go:96:20: injectWorkflowCallOutputs is 77 lines long (limit: 60); consider breaking it up
/home/runner/work/gh-aw/gh-aw/pkg/workflow/compiler_workflow_call.go:248:6: injectWorkflowCallSecretsSection is 104 lines long (limit: 60); consider breaking it up
/home/runner/work/gh-aw/gh-aw/pkg/workflow/compiler_yaml.go:92:20: generateYAML is 128 lines long (limit: 60); consider breaking it up
/home/runner/work/gh-aw/gh-aw/pkg/workflow/compiler_yaml_ai_execution.go:264:20: generateEngineInstallAndPreAgentSteps is 116 lines long (limit: 60); consider breaking it up
/home/runner/work/gh-aw/gh-aw/pkg/workflow/compiler_yaml_ai_execution.go:389:20: generateAgentRunSteps is 118 lines long (limit: 60); consider breaking it up
/home/runner/work/gh-aw/gh-aw/pkg/workflow/compiler_yaml_checkout.go:14:20: generateInitialAndCheckoutSteps is 134 lines long (limit: 60); consider breaking it up
/home/runner/work/gh-aw/gh-aw/pkg/workflow/compiler_yaml_header.go:20:20: generateWorkflowHeader is 172 lines long (limit: 60); consider breaking it up
/home/runner/work/gh-aw/gh-aw/pkg/workflow/compiler_yaml_normalize.go:30:6: normalizeBlankLines is 105 lines long (limit: 60); consider breaking it up
/home/runner/work/gh-aw/gh-aw/pkg/workflow/compiler_yaml_post_agent.go:14:20: collectArtifactPaths is 109 lines long (limit: 60); consider breaking it up
/home/runner/work/gh-aw/gh-aw/pkg/workflow/compiler_yaml_post_agent.go:174:20: generatePostAgentCollectionAndUpload is 95 lines long (limit: 60); consider breaking it up
/home/runner/work/gh-aw/gh-aw/pkg/workflow/compiler_yaml_runtime_setup.go:342:20: addCustomStepsWithRuntimeInsertion is 75 lines long (limit: 60); consider breaking it up
/home/runner/work/gh-aw/gh-aw/pkg/workflow/compiler_yaml_step_conversion.go:106:20: renderStepFromMap is 99 lines long (limit: 60); consider breaking it up
/home/runner/work/gh-aw/gh-aw/pkg/workflow/compiler_yaml_step_generation.go:174:20: generateSetupStepWithArtifactClientCondition is 110 lines long (limit: 60); consider breaking it up
/home/runner/work/gh-aw/gh-aw/pkg/workflow/compiler_yaml_step_lifecycle.go:58:20: generateCreateAwInfo is 180 lines long (limit: 60); consider breaking it up
/home/runner/work/gh-aw/gh-aw/pkg/workflow/compiler_yaml_step_lifecycle.go:241:20: generateOutputCollectionStep is 82 lines long (limit: 60); consider breaking it up
/home/runner/work/gh-aw/gh-aw/pkg/workflow/concurrency.go:240:6: buildConcurrencyGroupKeys is 106 lines long (limit: 60); consider breaking it up
/home/runner/work/gh-aw/gh-aw/pkg/workflow/copilot_engine_installation.go:112:25: GetInstallationSteps is 66 lines long (limit: 60); consider breaking it up
/home/runner/work/gh-aw/gh-aw/pkg/workflow/copilot_engine_tools.go:60:25: computeCopilotToolArguments is 209 lines long (limit: 60); consider breaking it up
/home/runner/work/gh-aw/gh-aw/pkg/workflow/copilot_logs.go:154:25: parseSessionJSONL is 144 lines long (limit: 60); consider breaking it up
/home/runner/work/gh-aw/gh-aw/pkg/workflow/copilot_logs.go:323:25: ParseLogMetrics is 180 lines long (limit: 60); consider breaking it up
/home/runner/work/gh-aw/gh-aw/pkg/workflow/copilot_logs.go:605:25: extractWireRequestOutputs is 80 lines long (limit: 60); consider breaking it up
/home/runner/work/gh-aw/gh-aw/pkg/workflow/create_agent_session.go:18:20: parseAgentSessionConfig is 63 lines long (limit: 60); consider breaking it up
/home/runner/work/gh-aw/gh-aw/pkg/workflow/create_code_scanning_alert.go:80:20: buildCodeScanningUploadJob is 97 lines long (limit: 60); consider breaking it up
/home/runner/work/gh-aw/gh-aw/pkg/workflow/create_discussion.go:32:20: parseCreateDiscussionsConfig is 78 lines long (limit: 60); consider breaking it up
/home/runner/work/gh-aw/gh-aw/pkg/workflow/create_pull_request.go:77:20: parseCreatePullRequestsConfig is 85 lines long (limit: 60); consider breaking it up
/home/runner/work/gh-aw/gh-aw/pkg/workflow/dependabot.go:75:20: GenerateDependabotManifests is 102 lines long (limit: 60); consider breaking it up
/home/runner/work/gh-aw/gh-aw/pkg/workflow/dependabot.go:257:20: generatePackageJSON is 65 lines long (limit: 60); consider breaking it up
/home/runner/work/gh-aw/gh-aw/pkg/workflow/dependabot.go:370:20: generateDependabotConfig is 65 lines long (limit: 60); consider breaking it up
/home/runner/work/gh-aw/gh-aw/pkg/workflow/dependabot.go:442:20: ReconcileManagedDependabotIgnores is 104 lines long (limit: 60); consider breaking it up
/home/runner/work/gh-aw/gh-aw/pkg/workflow/dependabot.go:753:20: generateRequirementsTxt is 78 lines long (limit: 60); consider breaking it up
/home/runner/work/gh-aw/gh-aw/pkg/workflow/dependabot.go:906:20: generateGoMod is 70 lines long (limit: 60); consider breaking it up
/home/runner/work/gh-aw/gh-aw/pkg/workflow/dispatch_repository.go:30:20: parseDispatchRepositoryConfig is 93 lines long (limit: 60); consider breaking it up
/home/runner/work/gh-aw/gh-aw/pkg/workflow/dispatch_repository_validation.go:20:20: validateDispatchRepository is 82 lines long (limit: 60); consider breaking it up
/home/runner/work/gh-aw/gh-aw/pkg/workflow/dispatch_workflow_validation.go:19:20: validateDispatchWorkflow is 128 lines long (limit: 60); consider breaking it up
/home/runner/work/gh-aw/gh-aw/pkg/workflow/docker.go:19:6: collectDockerImages is 205 lines long (limit: 60); consider breaking it up
/home/runner/work/gh-aw/gh-aw/pkg/workflow/docker_validation.go:108:6: validateDockerImage is 118 lines long (limit: 60); consider breaking it up
/home/runner/work/gh-aw/gh-aw/pkg/workflow/engine_definition_loader.go:107:6: loadBuiltinEngineDefinitions is 69 lines long (limit: 60); consider breaking it up
/home/runner/work/gh-aw/gh-aw/pkg/workflow/engine_validation.go:425:20: validateSingleEngineSpecification is 73 lines long (limit: 60); consider breaking it up
/home/runner/work/gh-aw/gh-aw/pkg/workflow/error_recovery.go:149:6: prioritizeErrorMessages is 66 lines long (limit: 60); consider breaking it up
/home/runner/work/gh-aw/gh-aw/pkg/workflow/error_recovery.go:262:6: classifyErrorMessage is 108 lines long (limit: 60); consider breaking it up
/home/runner/work/gh-aw/gh-aw/pkg/workflow/evals_job.go:24:20: buildEvalsJob is 83 lines long (limit: 60); consider breaking it up
/home/runner/work/gh-aw/gh-aw/pkg/workflow/evals_job.go:112:20: buildPushEvalsStateJob is 79 lines long (limit: 60); consider breaking it up
/home/runner/work/gh-aw/gh-aw/pkg/workflow/evals_steps.go:157:20: buildEvalsEngineSteps is 138 lines long (limit: 60); consider breaking it up
/home/runner/work/gh-aw/gh-aw/pkg/workflow/event_validation.go:109:6: ValidateEventTypes is 67 lines long (limit: 60); consider breaking it up
/home/runner/work/gh-aw/gh-aw/pkg/workflow/expression_optimizer.go:209:6: optimizeAndNode is 105 lines long (limit: 60); consider breaking it up
/home/runner/work/gh-aw/gh-aw/pkg/workflow/expression_optimizer.go:317:6: optimizeOrNode is 63 lines long (limit: 60); consider breaking it up
/home/runner/work/gh-aw/gh-aw/pkg/workflow/expression_optimizer.go:445:6: optimizeDisjunctionNode is 95 lines long (limit: 60); consider breaking it up
/home/runner/work/gh-aw/gh-aw/pkg/workflow/expression_parser.go:86:28: tokenize is 100 lines long (limit: 60); consider breaking it up
/home/runner/work/gh-aw/gh-aw/pkg/workflow/expression_parser.go:324:6: BreakLongExpression is 81 lines long (limit: 60); consider breaking it up
/home/runner/work/gh-aw/gh-aw/pkg/workflow/expression_safety_validation.go:36:6: validateExpressionSafety is 100 lines long (limit: 60); consider breaking it up
/home/runner/work/gh-aw/gh-aw/pkg/workflow/expression_safety_validation.go:181:6: validateSingleExpression is 86 lines long (limit: 60); consider breaking it up
/home/runner/work/gh-aw/gh-aw/pkg/workflow/expression_syntax_validation.go:168:6: validateBalancedQuotes is 61 lines long (limit: 60); consider breaking it up
/home/runner/work/gh-aw/gh-aw/pkg/workflow/filters.go:12:20: applyPullRequestDraftFilter is 88 lines long (limit: 60); consider breaking it up
/home/runner/work/gh-aw/gh-aw/pkg/workflow/filters.go:106:20: applyPullRequestForkFilter is 86 lines long (limit: 60); consider breaking it up
/home/runner/work/gh-aw/gh-aw/pkg/workflow/filters.go:197:20: applyLabelFilter is 235 lines long (limit: 60); consider breaking it up
/home/runner/work/gh-aw/gh-aw/pkg/workflow/frontmatter_error.go:79:20: createFrontmatterError is 69 lines long (limit: 60); consider breaking it up
/home/runner/work/gh-aw/gh-aw/pkg/workflow/frontmatter_extraction_security.go:72:20: extractSandboxConfig is 70 lines long (limit: 60); consider breaking it up
/home/runner/work/gh-aw/gh-aw/pkg/workflow/frontmatter_extraction_security.go:146:20: extractAgentSandboxConfig is 196 lines long (limit: 60); consider breaking it up
/home/runner/work/gh-aw/gh-aw/pkg/workflow/frontmatter_extraction_security.go:348:20: extractMCPGatewayConfig is 192 lines long (limit: 60); consider breaking it up
/home/runner/work/gh-aw/gh-aw/pkg/workflow/frontmatter_extraction_security.go:544:20: extractSRTConfig is 134 lines long (limit: 60); consider breaking it up
/home/runner/work/gh-aw/gh-aw/pkg/workflow/frontmatter_extraction_yaml.go:46:20: extractTopLevelYAMLSection is 77 lines long (limit: 60); consider breaking it up
/home/runner/work/gh-aw/gh-aw/pkg/workflow/frontmatter_parsing.go:12:6: ParseFrontmatterConfig is 88 lines long (limit: 60); consider breaking it up
/home/runner/work/gh-aw/gh-aw/pkg/workflow/frontmatter_parsing.go:143:6: parseRuntimesConfig is 97 lines long (limit: 60); consider breaking it up
/home/runner/work/gh-aw/gh-aw/pkg/workflow/frontmatter_parsing.go:244:6: parsePermissionsConfig is 116 lines long (limit: 60); consider breaking it up
/home/runner/work/gh-aw/gh-aw/pkg/workflow/frontmatter_serialization.go:63:30: ToMap is 169 lines long (limit: 60); consider breaking it up
/home/runner/work/gh-aw/gh-aw/pkg/workflow/frontmatter_serialization.go:315:6: permissionsConfigToMap is 158 lines long (limit: 60); consider breaking it up
/home/runner/work/gh-aw/gh-aw/pkg/workflow/gemini_engine.go:180:24: GetExecutionSteps is 228 lines long (limit: 60); consider breaking it up
/home/runner/work/gh-aw/gh-aw/pkg/workflow/gemini_tools.go:44:6: computeGeminiToolsCore is 65 lines long (limit: 60); consider breaking it up
/home/runner/work/gh-aw/gh-aw/pkg/workflow/gh_cli_permissions.go:78:92: func literal is 86 lines long (limit: 60); consider breaking it up
/home/runner/work/gh-aw/gh-aw/pkg/workflow/gh_cli_permissions.go:283:6: inferPermissionsFromShellScripts is 66 lines long (limit: 60); consider breaking it up
/home/runner/work/gh-aw/gh-aw/pkg/workflow/github_toolsets.go:28:6: ParseGitHubToolsets is 72 lines long (limit: 60); consider breaking it up
/home/runner/work/gh-aw/gh-aw/pkg/workflow/glob_validation.go:87:25: validateNext is 96 lines long (limit: 60); consider breaking it up
/home/runner/work/gh-aw/gh-aw/pkg/workflow/header.go:24:6: GenerateWorkflowHeader is 66 lines long (limit: 60); consider breaking it up
/home/runner/work/gh-aw/gh-aw/pkg/workflow/imports.go:188:20: MergeSafeOutputs is 138 lines long (limit: 60); consider breaking it up
/home/runner/work/gh-aw/gh-aw/pkg/workflow/imports.go:344:6: mergeSafeOutputConfig is 161 lines long (limit: 60); consider breaking it up
/home/runner/work/gh-aw/gh-aw/pkg/workflow/jobs.go:209:23: renderJobTo is 193 lines long (limit: 60); consider breaking it up
/home/runner/work/gh-aw/gh-aw/pkg/workflow/js.go:100:6: removeJavaScriptCommentsFromLine is 105 lines long (limit: 60); consider breaking it up
/home/runner/work/gh-aw/gh-aw/pkg/workflow/js.go:256:6: isInsideRegexLiteral is 61 lines long (limit: 60); consider breaking it up
/home/runner/work/gh-aw/gh-aw/pkg/workflow/known_needs_expressions.go:35:6: generateKnownNeedsExpressions is 76 lines long (limit: 60); consider breaking it up
/home/runner/work/gh-aw/gh-aw/pkg/workflow/lock_validation.go:71:6: ValidateActionSHAsInLockFile is 61 lines long (limit: 60); consider breaking it up
/home/runner/work/gh-aw/gh-aw/pkg/workflow/lsp_manager.go:99:22: GenerateInstallSteps is 105 lines long (limit: 60); consider breaking it up
/home/runner/work/gh-aw/gh-aw/pkg/workflow/maintenance_workflow.go:138:6: GenerateMaintenanceWorkflow is 189 lines long (limit: 60); consider breaking it up
/home/runner/work/gh-aw/gh-aw/pkg/workflow/maintenance_workflow.go:398:6: scanWorkflowsForExpires is 66 lines long (limit: 60); consider breaking it up
/home/runner/work/gh-aw/gh-aw/pkg/workflow/markdown_security_scanner.go:222:6: scanUnicodeAbuse is 70 lines long (limit: 60); consider breaking it up
/home/runner/work/gh-aw/gh-aw/pkg/workflow/markdown_security_scanner.go:419:6: scanObfuscatedLinks is 90 lines long (limit: 60); consider breaking it up
/home/runner/work/gh-aw/gh-aw/pkg/workflow/markdown_security_scanner.go:529:6: scanHTMLAbuse is 75 lines long (limit: 60); consider breaking it up
/home/runner/work/gh-aw/gh-aw/pkg/workflow/markdown_security_scanner.go:698:6: scanSocialEngineering is 81 lines long (limit: 60); consider breaking it up
/home/runner/work/gh-aw/gh-aw/pkg/workflow/mcp_cli_mount.go:67:6: getMCPCLIServerNames is 86 lines long (limit: 60); consider breaking it up
/home/runner/work/gh-aw/gh-aw/pkg/workflow/mcp_cli_mount.go:208:6: withMountedCLIShellCommandsInRestrictedBash is 71 lines long (limit: 60); consider breaking it up
/home/runner/work/gh-aw/gh-aw/pkg/workflow/mcp_config_playwright_renderer.go:102:6: renderPlaywrightMCPConfigWithOptions is 64 lines long (limit: 60); consider breaking it up
/home/runner/work/gh-aw/gh-aw/pkg/workflow/mcp_environment.go:63:6: collectMCPEnvironmentVariables is 152 lines long (limit: 60); consider breaking it up
/home/runner/work/gh-aw/gh-aw/pkg/workflow/mcp_gateway_config.go:123:6: buildMCPGatewayConfig is 85 lines long (limit: 60); consider breaking it up
/home/runner/work/gh-aw/gh-aw/pkg/workflow/mcp_property_validation.go:48:6: validateMCPRequirements is 168 lines long (limit: 60); consider breaking it up
/home/runner/work/gh-aw/gh-aw/pkg/workflow/mcp_renderer.go:127:6: RenderJSONMCPConfig is 156 lines long (limit: 60); consider breaking it up
/home/runner/work/gh-aw/gh-aw/pkg/workflow/mcp_renderer_builtin.go:192:36: renderAgenticWorkflowsTOML is 61 lines long (limit: 60); consider breaking it up
/home/runner/work/gh-aw/gh-aw/pkg/workflow/mcp_renderer_builtin.go:258:6: renderSafeOutputsMCPConfigWithOptions is 85 lines long (limit: 60); consider breaking it up
/home/runner/work/gh-aw/gh-aw/pkg/workflow/mcp_renderer_builtin.go:349:6: renderAgenticWorkflowsMCPConfigWithOptions is 128 lines long (limit: 60); consider breaking it up
/home/runner/work/gh-aw/gh-aw/pkg/workflow/mcp_renderer_github.go:18:36: RenderGitHubMCP is 91 lines long (limit: 60); consider breaking it up
/home/runner/work/gh-aw/gh-aw/pkg/workflow/mcp_renderer_github.go:113:36: renderGitHubTOML is 101 lines long (limit: 60); consider breaking it up
/home/runner/work/gh-aw/gh-aw/pkg/workflow/mcp_scripts_dependencies_validation.go:71:6: validateMCPScriptDependencyName is 65 lines long (limit: 60); consider breaking it up
/home/runner/work/gh-aw/gh-aw/pkg/workflow/mcp_scripts_generator.go:37:6: GenerateMCPScriptsToolsConfig is 103 lines long (limit: 60); consider breaking it up
/home/runner/work/gh-aw/gh-aw/pkg/workflow/mcp_scripts_parser.go:84:6: parseMCPScriptToolConfig is 125 lines long (limit: 60); consider breaking it up
/home/runner/work/gh-aw/gh-aw/pkg/workflow/mcp_setup_gateway.go:135:6: writeMCPGatewayExports is 61 lines long (limit: 60); consider breaking it up
/home/runner/work/gh-aw/gh-aw/pkg/workflow/mcp_setup_gateway.go:213:6: buildMCPGatewayContainerCommand is 75 lines long (limit: 60); consider breaking it up
/home/runner/work/gh-aw/gh-aw/pkg/workflow/mcp_setup_safe_outputs.go:22:6: generateSafeOutputsSetup is 76 lines long (limit: 60); consider breaking it up
/home/runner/work/gh-aw/gh-aw/pkg/workflow/mcp_setup_scripts.go:15:6: generateMCPScriptsSetup is 88 lines long (limit: 60); consider breaking it up
/home/runner/work/gh-aw/gh-aw/pkg/workflow/metrics.go:91:6: ExtractJSONTokenUsage is 71 lines long (limit: 60); consider breaking it up
/home/runner/work/gh-aw/gh-aw/pkg/workflow/missing_issue_reporting.go:57:20: parseIssueReportingConfig is 82 lines long (limit: 60); consider breaking it up
/home/runner/work/gh-aw/gh-aw/pkg/workflow/model_identifier.go:162:6: ParseModelIdentifier is 63 lines long (limit: 60); consider breaking it up
/home/runner/work/gh-aw/gh-aw/pkg/workflow/network_firewall_validation.go:60:20: validateNetworkAllowedDomains is 69 lines long (limit: 60); consider breaking it up
/home/runner/work/gh-aw/gh-aw/pkg/workflow/network_firewall_validation.go:181:6: validateDomainPattern is 144 lines long (limit: 60); consider breaking it up
/home/runner/work/gh-aw/gh-aw/pkg/workflow/nodejs.go:130:6: BuildNpmEngineInstallStepsWithAWF is 62 lines long (limit: 60); consider breaking it up
/home/runner/work/gh-aw/gh-aw/pkg/workflow/nodejs.go:283:6: GenerateNpmInstallStepsWithScope is 63 lines long (limit: 60); consider breaking it up
/home/runner/work/gh-aw/gh-aw/pkg/workflow/notify_comment.go:25:20: buildConclusionJob is 75 lines long (limit: 60); consider breaking it up
/home/runner/work/gh-aw/gh-aw/pkg/workflow/notify_comment.go:108:6: buildUsageArtifactUploadSteps is 78 lines long (limit: 60); consider breaking it up
/home/runner/work/gh-aw/gh-aw/pkg/workflow/npm_validation.go:49:20: validateNpxPackages is 69 lines long (limit: 60); consider breaking it up
/home/runner/work/gh-aw/gh-aw/pkg/workflow/observability_otlp.go:694:20: injectOTLPConfig is 107 lines long (limit: 60); consider breaking it up
/home/runner/work/gh-aw/gh-aw/pkg/workflow/permissions_compiler_validator.go:54:20: validatePermissions is 123 lines long (limit: 60); consider breaking it up
/home/runner/work/gh-aw/gh-aw/pkg/workflow/permissions_operations.go:313:23: Merge is 95 lines long (limit: 60); consider breaking it up
/home/runner/work/gh-aw/gh-aw/pkg/workflow/permissions_operations.go:412:23: RenderToYAML is 88 lines long (limit: 60); consider breaking it up
/home/runner/work/gh-aw/gh-aw/pkg/workflow/permissions_parser.go:36:29: parse is 118 lines long (limit: 60); consider breaking it up
/home/runner/work/gh-aw/gh-aw/pkg/workflow/permissions_validation.go:43:6: ValidatePermissions is 68 lines long (limit: 60); consider breaking it up
/home/runner/work/gh-aw/gh-aw/pkg/workflow/permissions_validation.go:183:6: formatMissingPermissionsMessage is 69 lines long (limit: 60); consider breaking it up
/home/runner/work/gh-aw/gh-aw/pkg/workflow/permissions_validation.go:262:20: ValidateIncludedPermissions is 133 lines long (limit: 60); consider breaking it up
/home/runner/work/gh-aw/gh-aw/pkg/workflow/permissions_validation.go:404:6: ValidatePermissionScopeNames is 86 lines long (limit: 60); consider breaking it up
/home/runner/work/gh-aw/gh-aw/pkg/workflow/pi_engine.go:294:20: GetExecutionSteps is 242 lines long (limit: 60); consider breaking it up
/home/runner/work/gh-aw/gh-aw/pkg/workflow/pi_logs.go:42:20: ParseLogMetrics is 67 lines long (limit: 60); consider breaking it up
/home/runner/work/gh-aw/gh-aw/pkg/workflow/pip_validation.go:134:20: validateUvPackages is 78 lines long (limit: 60); consider breaking it up
/home/runner/work/gh-aw/gh-aw/pkg/workflow/pr.go:66:20: generatePRReadyForReviewCheckout is 70 lines long (limit: 60); consider breaking it up
/home/runner/work/gh-aw/gh-aw/pkg/workflow/project_config_parsing.go:7:6: parseProjectViews is 65 lines long (limit: 60); consider breaking it up
/home/runner/work/gh-aw/gh-aw/pkg/workflow/publish_artifacts.go:53:20: parseUploadArtifactConfig is 112 lines long (limit: 60); consider breaking it up
/home/runner/work/gh-aw/gh-aw/pkg/workflow/publish_assets.go:46:20: parseUploadAssetConfig is 70 lines long (limit: 60); consider breaking it up
/home/runner/work/gh-aw/gh-aw/pkg/workflow/publish_assets.go:120:20: buildUploadAssetsJob is 110 lines long (limit: 60); consider breaking it up
/home/runner/work/gh-aw/gh-aw/pkg/workflow/pull_request_target_validation.go:65:20: validatePullRequestTargetTrigger is 105 lines long (limit: 60); consider breaking it up
/home/runner/work/gh-aw/gh-aw/pkg/workflow/push_to_pull_request_branch.go:90:20: parsePushToPullRequestBranchConfig is 161 lines long (limit: 60); consider breaking it up
/home/runner/work/gh-aw/gh-aw/pkg/workflow/redact_secrets.go:79:6: CollectActionReferences is 62 lines long (limit: 60); consider breaking it up
/home/runner/work/gh-aw/gh-aw/pkg/workflow/repo_memory_prompt.go:20:6: buildRepoMemoryPromptSection is 144 lines long (limit: 60); consider breaking it up
/home/runner/work/gh-aw/gh-aw/pkg/workflow/repository_features_validation.go:87:20: validateRepositoryFeatures is 73 lines long (limit: 60); consider breaking it up
/home/runner/work/gh-aw/gh-aw/pkg/workflow/resolve.go:31:6: ResolveWorkflowName is 73 lines long (limit: 60); consider breaking it up
/home/runner/work/gh-aw/gh-aw/pkg/workflow/resolve.go:133:6: FindWorkflowName is 62 lines long (limit: 60); consider breaking it up
/home/runner/work/gh-aw/gh-aw/pkg/workflow/role_checks.go:216:20: extractRateLimitConfig is 82 lines long (limit: 60); consider breaking it up
/home/runner/work/gh-aw/gh-aw/pkg/workflow/role_checks.go:373:20: hasSafeEventsOnly is 80 lines long (limit: 60); consider breaking it up
/home/runner/work/gh-aw/gh-aw/pkg/workflow/run_step_sanitizer.go:85:6: sanitizeRunStepExpressions is 140 lines long (limit: 60); consider breaking it up
/home/runner/work/gh-aw/gh-aw/pkg/workflow/runtime_deduplication.go:22:6: DeduplicateRuntimeSetupStepsFromCustomSteps is 227 lines long (limit: 60); consider breaking it up
/home/runner/work/gh-aw/gh-aw/pkg/workflow/runtime_detection.go:47:6: DetectRuntimeRequirements is 93 lines long (limit: 60); consider breaking it up
/home/runner/work/gh-aw/gh-aw/pkg/workflow/runtime_import_validation.go:93:6: validateRuntimeImportFiles is 85 lines long (limit: 60); consider breaking it up
/home/runner/work/gh-aw/gh-aw/pkg/workflow/runtime_overrides.go:31:6: applyRuntimeOverrides is 101 lines long (limit: 60); consider breaking it up
/home/runner/work/gh-aw/gh-aw/pkg/workflow/runtime_step_generator.go:92:6: generateSetupStep is 77 lines long (limit: 60); consider breaking it up
/home/runner/work/gh-aw/gh-aw/pkg/workflow/runtime_validation.go:111:6: validateBlockScalarExpressionSizes is 68 lines long (limit: 60); consider breaking it up
/home/runner/work/gh-aw/gh-aw/pkg/workflow/runtime_validation.go:183:20: validateContainerImages is 66 lines long (limit: 60); consider breaking it up
/home/runner/work/gh-aw/gh-aw/pkg/workflow/safe_jobs.go:39:20: parseSafeJobsConfig is 142 lines long (limit: 60); consider breaking it up
/home/runner/work/gh-aw/gh-aw/pkg/workflow/safe_jobs.go:185:20: buildSafeJobs is 180 lines long (limit: 60); consider breaking it up
/home/runner/work/gh-aw/gh-aw/pkg/workflow/safe_jobs_needs_validation.go:169:6: detectSafeJobCycles is 71 lines long (limit: 60); consider breaking it up
/home/runner/work/gh-aw/gh-aw/pkg/workflow/safe_outputs_actions.go:168:20: fetchAndParseActionYAML is 93 lines long (limit: 60); consider breaking it up
/home/runner/work/gh-aw/gh-aw/pkg/workflow/safe_outputs_actions.go:382:6: generateActionToolDefinition is 82 lines long (limit: 60); consider breaking it up
/home/runner/work/gh-aw/gh-aw/pkg/workflow/safe_outputs_actions.go:502:20: buildActionSteps is 71 lines long (limit: 60); consider breaking it up
/home/runner/work/gh-aw/gh-aw/pkg/workflow/safe_outputs_app_config.go:35:6: parseAppConfig is 68 lines long (limit: 60); consider breaking it up
/home/runner/work/gh-aw/gh-aw/pkg/workflow/safe_outputs_app_config.go:374:20: buildGitHubAppTokenMintStepWithMeta is 88 lines long (limit: 60); consider breaking it up
/home/runner/work/gh-aw/gh-aw/pkg/workflow/safe_outputs_app_config.go:477:6: convertPermissionsToAppTokenFields is 154 lines long (limit: 60); consider breaking it up
/home/runner/work/gh-aw/gh-aw/pkg/workflow/safe_outputs_config_base.go:11:20: parseBaseSafeOutputConfig is 63 lines long (limit: 60); consider breaking it up
/home/runner/work/gh-aw/gh-aw/pkg/workflow/safe_outputs_config_extraction.go:45:20: extractSafeOutputsConfig is 366 lines long (limit: 60); consider breaking it up
/home/runner/work/gh-aw/gh-aw/pkg/workflow/safe_outputs_config_generation.go:30:6: generateSafeOutputsConfig is 186 lines long (limit: 60); consider breaking it up
/home/runner/work/gh-aw/gh-aw/pkg/workflow/safe_outputs_config_generation.go:244:6: generateCustomJobToolDefinition is 65 lines long (limit: 60); consider breaking it up
/home/runner/work/gh-aw/gh-aw/pkg/workflow/safe_outputs_config_global.go:12:20: extractGlobalConfigFields is 285 lines long (limit: 60); consider breaking it up
/home/runner/work/gh-aw/gh-aw/pkg/workflow/safe_outputs_config_runtime.go:28:20: addHandlerManagerConfigEnvVar is 91 lines long (limit: 60); consider breaking it up
/home/runner/work/gh-aw/gh-aw/pkg/workflow/safe_outputs_data_schema.go:112:6: simplifyDataSchemaNode is 170 lines long (limit: 60); consider breaking it up
/home/runner/work/gh-aw/gh-aw/pkg/workflow/safe_outputs_handler_registry.go:480:69: func literal is 72 lines long (limit: 60); consider breaking it up
/home/runner/work/gh-aw/gh-aw/pkg/workflow/safe_outputs_jobs.go:52:20: buildSafeOutputJob is 100 lines long (limit: 60); consider breaking it up
/home/runner/work/gh-aw/gh-aw/pkg/workflow/safe_outputs_max_validation.go:58:6: validateSafeOutputsMax is 264 lines long (limit: 60); consider breaking it up
/home/runner/work/gh-aw/gh-aw/pkg/workflow/safe_outputs_messages_config.go:67:6: parseMentionsConfig is 99 lines long (limit: 60); consider breaking it up
/home/runner/work/gh-aw/gh-aw/pkg/workflow/safe_outputs_steps_shell_expansion_validation.go:119:6: validateRunScriptForShellExpansion is 76 lines long (limit: 60); consider breaking it up
/home/runner/work/gh-aw/gh-aw/pkg/workflow/safe_outputs_tools_computation.go:10:6: computeEnabledToolNames is 184 lines long (limit: 60); consider breaking it up
/home/runner/work/gh-aw/gh-aw/pkg/workflow/safe_outputs_tools_generation.go:31:6: generateDynamicTools is 168 lines long (limit: 60); consider breaking it up
/home/runner/work/gh-aw/gh-aw/pkg/workflow/safe_outputs_tools_generation.go:367:6: generateToolsMetaJSON is 71 lines long (limit: 60); consider breaking it up
/home/runner/work/gh-aw/gh-aw/pkg/workflow/safe_outputs_tools_repo_params.go:7:6: addRepoParameterIfNeeded is 186 lines long (limit: 60); consider breaking it up
/home/runner/work/gh-aw/gh-aw/pkg/workflow/safe_outputs_validation.go:81:6: validateSafeOutputsTarget is 93 lines long (limit: 60); consider breaking it up
/home/runner/work/gh-aw/gh-aw/pkg/workflow/safe_outputs_validation_config.go:505:6: GetValidationConfigJSONWithDataSchema is 63 lines long (limit: 60); consider breaking it up
/home/runner/work/gh-aw/gh-aw/pkg/workflow/safe_update_manifest.go:75:6: NewGHAWManifest is 71 lines long (limit: 60); consider breaking it up
/home/runner/work/gh-aw/gh-aw/pkg/workflow/sandbox_validation.go:72:6: validateSandboxConfig is 139 lines long (limit: 60); consider breaking it up
/home/runner/work/gh-aw/gh-aw/pkg/workflow/schedule_preprocessing.go:18:20: normalizeScheduleString is 81 lines long (limit: 60); consider breaking it up
/home/runner/work/gh-aw/gh-aw/pkg/workflow/schedule_preprocessing.go:104:20: preprocessScheduleFields is 231 lines long (limit: 60); consider breaking it up
/home/runner/work/gh-aw/gh-aw/pkg/workflow/schedule_preprocessing.go:339:20: createTriggerParseError is 67 lines long (limit: 60); consider breaking it up
/home/runner/work/gh-aw/gh-aw/pkg/workflow/service_ports.go:69:6: ExtractServicePortExpressions is 66 lines long (limit: 60); consider breaking it up
/home/runner/work/gh-aw/gh-aw/pkg/workflow/service_ports.go:149:6: parsePortSpec is 107 lines long (limit: 60); consider breaking it up
/home/runner/work/gh-aw/gh-aw/pkg/workflow/skills_frontmatter.go:40:6: validateFrontmatterSkills is 78 lines long (limit: 60); consider breaking it up
/home/runner/work/gh-aw/gh-aw/pkg/workflow/step_order_validation.go:90:28: ValidateStepOrdering is 69 lines long (limit: 60); consider breaking it up
/home/runner/work/gh-aw/gh-aw/pkg/workflow/step_types.go:81:6: MapToStep is 62 lines long (limit: 60); consider breaking it up
/home/runner/work/gh-aw/gh-aw/pkg/workflow/stop_after.go:196:20: extractSkipIfMatchFromOn is 82 lines long (limit: 60); consider breaking it up
/home/runner/work/gh-aw/gh-aw/pkg/workflow/stop_after.go:282:20: extractSkipIfNoMatchFromOn is 82 lines long (limit: 60); consider breaking it up
/home/runner/work/gh-aw/gh-aw/pkg/workflow/stop_after.go:408:20: extractSkipIfCheckFailingFromOn is 93 lines long (limit: 60); consider breaking it up
/home/runner/work/gh-aw/gh-aw/pkg/workflow/strict_mode_env_validation.go:91:20: validateEnvSecretsSection is 66 lines long (limit: 60); consider breaking it up
/home/runner/work/gh-aw/gh-aw/pkg/workflow/strict_mode_network_validation.go:100:20: validateStrictTools is 73 lines long (limit: 60); consider breaking it up
/home/runner/work/gh-aw/gh-aw/pkg/workflow/strict_mode_permissions_validation.go:113:20: validateStrictFirewall is 106 lines long (limit: 60); consider breaking it up
/home/runner/work/gh-aw/gh-aw/pkg/workflow/strict_mode_sandbox_validation.go:39:20: validateStrictSandboxCustomization is 68 lines long (limit: 60); consider breaking it up
/home/runner/work/gh-aw/gh-aw/pkg/workflow/strict_mode_steps_validation.go:51:20: validateStepsSectionSecrets is 70 lines long (limit: 60); consider breaking it up
/home/runner/work/gh-aw/gh-aw/pkg/workflow/submit_pr_review.go:26:20: parseSubmitPullRequestReviewConfig is 95 lines long (limit: 60); consider breaking it up
/home/runner/work/gh-aw/gh-aw/pkg/workflow/template.go:19:6: wrapExpressionsInTemplateConditionals is 61 lines long (limit: 60); consider breaking it up
/home/runner/work/gh-aw/gh-aw/pkg/workflow/template_injection_utils.go:214:6: replaceOutsideShellLineComments is 65 lines long (limit: 60); consider breaking it up
/home/runner/work/gh-aw/gh-aw/pkg/workflow/template_injection_validation.go:188:6: walkRunBlockLines is 67 lines long (limit: 60); consider breaking it up
/home/runner/work/gh-aw/gh-aw/pkg/workflow/threat_detection_config.go:112:20: parseThreatDetectionObjectConfig is 73 lines long (limit: 60); consider breaking it up
/home/runner/work/gh-aw/gh-aw/pkg/workflow/threat_detection_external.go:259:20: buildExternalDetectorExecutionStep is 101 lines long (limit: 60); consider breaking it up
/home/runner/work/gh-aw/gh-aw/pkg/workflow/threat_detection_inline_engine.go:15:20: buildDetectionEngineExecutionStep is 185 lines long (limit: 60); consider breaking it up
/home/runner/work/gh-aw/gh-aw/pkg/workflow/threat_detection_job.go:19:20: buildDetectionJob is 187 lines long (limit: 60); consider breaking it up
/home/runner/work/gh-aw/gh-aw/pkg/workflow/threat_detection_steps.go:16:20: buildDetectionJobSteps is 99 lines long (limit: 60); consider breaking it up
/home/runner/work/gh-aw/gh-aw/pkg/workflow/time_delta.go:61:6: parseTimeDeltaWithMinutes is 102 lines long (limit: 60); consider breaking it up
/home/runner/work/gh-aw/gh-aw/pkg/workflow/time_delta.go:196:6: parseAbsoluteDateTime is 99 lines long (limit: 60); consider breaking it up
/home/runner/work/gh-aw/gh-aw/pkg/workflow/tools.go:502:20: applyDefaultTools is 184 lines long (limit: 60); consider breaking it up
/home/runner/work/gh-aw/gh-aw/pkg/workflow/tools_parser.go:109:6: NewTools is 77 lines long (limit: 60); consider breaking it up
/home/runner/work/gh-aw/gh-aw/pkg/workflow/tools_parser.go:190:6: parseGitHubTool is 230 lines long (limit: 60); consider breaking it up
/home/runner/work/gh-aw/gh-aw/pkg/workflow/tools_parser.go:621:6: parseMCPServerConfig is 128 lines long (limit: 60); consider breaking it up
/home/runner/work/gh-aw/gh-aw/pkg/workflow/tools_validation_github.go:90:6: validateGitHubGuardPolicy is 84 lines long (limit: 60); consider breaking it up
/home/runner/work/gh-aw/gh-aw/pkg/workflow/tools_validation_github_integrity_reactions.go:43:6: validateIntegrityReactions is 70 lines long (limit: 60); consider breaking it up
/home/runner/work/gh-aw/gh-aw/pkg/workflow/tools_validation_github_toolsets.go:14:6: validateGitHubToolsAgainstToolsetsCore is 93 lines long (limit: 60); consider breaking it up
/home/runner/work/gh-aw/gh-aw/pkg/workflow/trigger_parser.go:41:6: ParseTriggerShorthand is 61 lines long (limit: 60); consider breaking it up
/home/runner/work/gh-aw/gh-aw/pkg/workflow/trigger_parser.go:232:6: parsePullRequestTrigger is 73 lines long (limit: 60); consider breaking it up
/home/runner/work/gh-aw/gh-aw/pkg/workflow/trigger_parser.go:638:6: parseDeploymentTrigger is 71 lines long (limit: 60); consider breaking it up
/home/runner/work/gh-aw/gh-aw/pkg/workflow/unified_prompt_step.go:58:20: collectPromptSections is 196 lines long (limit: 60); consider breaking it up
/home/runner/work/gh-aw/gh-aw/pkg/workflow/unified_prompt_step.go:266:20: generateUnifiedPromptCreationStep is 259 lines long (limit: 60); consider breaking it up
/home/runner/work/gh-aw/gh-aw/pkg/workflow/unified_prompt_step.go:555:6: buildSafeOutputsSections is 226 lines long (limit: 60); consider breaking it up
/home/runner/work/gh-aw/gh-aw/pkg/workflow/universal_llm_consumer_engine.go:241:38: BuildCLIEngineExecutionSteps is 128 lines long (limit: 60); consider breaking it up
/home/runner/work/gh-aw/gh-aw/pkg/workflow/workflow_builder.go:19:20: buildInitialWorkflowData is 190 lines long (limit: 60); consider breaking it up
/home/runner/work/gh-aw/gh-aw/pkg/workflow/workflow_builder.go:719:20: processAndMergeSteps is 91 lines long (limit: 60); consider breaking it up
/home/runner/work/gh-aw/gh-aw/pkg/workflow/workflow_github_app.go:72:6: applyTopLevelGitHubAppFallbacks is 62 lines long (limit: 60); consider breaking it up
/home/runner/work/gh-aw/gh-aw/pkg/workflow/xml_comments.go:13:6: removeXMLComments is 67 lines long (limit: 60); consider breaking it up
/home/runner/work/gh-aw/gh-aw/pkg/cli/access_log.go:87:6: parseSquidAccessLog is 80 lines long (limit: 60); consider breaking it up
/home/runner/work/gh-aw/gh-aw/pkg/cli/actions_build_command.go:202:6: buildAction is 83 lines long (limit: 60); consider breaking it up
/home/runner/work/gh-aw/gh-aw/pkg/cli/add_interactive_engine.go:19:32: selectAIEngineAndKey is 118 lines long (limit: 60); consider breaking it up
/home/runner/work/gh-aw/gh-aw/pkg/cli/add_interactive_engine.go:141:32: configureEngineAPISecret is 64 lines long (limit: 60); consider breaking it up
/home/runner/work/gh-aw/gh-aw/pkg/cli/add_interactive_engine.go:216:32: selectCopilotAuthMethod is 68 lines long (limit: 60); consider breaking it up
/home/runner/work/gh-aw/gh-aw/pkg/cli/add_interactive_git.go:26:32: createWorkflowPRAndConfigureSecret is 171 lines long (limit: 60); consider breaking it up
/home/runner/work/gh-aw/gh-aw/pkg/cli/add_interactive_git.go:203:32: updateLocalBranch is 63 lines long (limit: 60); consider breaking it up
/home/runner/work/gh-aw/gh-aw/pkg/cli/add_interactive_orchestrator.go:71:6: RunAddInteractive is 126 lines long (limit: 60); consider breaking it up
/home/runner/work/gh-aw/gh-aw/pkg/cli/add_interactive_schedule.go:49:6: detectWorkflowScheduleInfo is 75 lines long (limit: 60); consider breaking it up
/home/runner/work/gh-aw/gh-aw/pkg/cli/add_interactive_schedule.go:129:6: classifyScheduleFrequency is 64 lines long (limit: 60); consider breaking it up
/home/runner/work/gh-aw/gh-aw/pkg/cli/add_interactive_schedule.go:199:32: selectScheduleFrequency is 79 lines long (limit: 60); consider breaking it up
/home/runner/work/gh-aw/gh-aw/pkg/cli/add_interactive_workflow.go:17:32: checkStatusAndOfferRun is 146 lines long (limit: 60); consider breaking it up
/home/runner/work/gh-aw/gh-aw/pkg/cli/add_package_manifest.go:79:6: resolveRepositoryPackage is 93 lines long (limit: 60); consider breaking it up
/home/runner/work/gh-aw/gh-aw/pkg/cli/add_package_manifest.go:207:6: parseRepositoryPackageManifest is 100 lines long (limit: 60); consider breaking it up
/home/runner/work/gh-aw/gh-aw/pkg/cli/add_package_manifest.go:544:6: resolvePackageSkillFiles is 77 lines long (limit: 60); consider breaking it up
/home/runner/work/gh-aw/gh-aw/pkg/cli/add_skill_rewrite.go:168:6: rewriteSkillsInFrontmatterLines is 90 lines long (limit: 60); consider breaking it up
/home/runner/work/gh-aw/gh-aw/pkg/cli/add_wizard_command.go:15:6: NewAddWizardCommand is 127 lines long (limit: 60); consider breaking it up
/home/runner/work/gh-aw/gh-aw/pkg/cli/add_workflow_pr.go:53:6: addWorkflowsWithPR is 128 lines long (limit: 60); consider breaking it up
/home/runner/work/gh-aw/gh-aw/pkg/cli/add_workflow_resolution.go:436:6: resolveLocalRepositoryPackage is 70 lines long (limit: 60); consider breaking it up
/home/runner/work/gh-aw/gh-aw/pkg/cli/add_workflow_resolution.go:588:6: resolveLocalPackageSkillFiles is 64 lines long (limit: 60); consider breaking it up
/home/runner/work/gh-aw/gh-aw/pkg/cli/add_workflow_resolution.go:708:6: appendRepositoryPackageWorkflowSpecs is 64 lines long (limit: 60); consider breaking it up
/home/runner/work/gh-aw/gh-aw/pkg/cli/add_workflow_resolution.go:775:6: resolveAddWorkflowSpecAndContent is 65 lines long (limit: 60); consider breaking it up
/home/runner/work/gh-aw/gh-aw/pkg/cli/audit_agentic_analysis.go:97:6: mergeMCPToolUsageInfo is 80 lines long (limit: 60); consider breaking it up
/home/runner/work/gh-aw/gh-aw/pkg/cli/audit_agentic_analysis.go:307:6: buildAgenticAssessments is 95 lines long (limit: 60); consider breaking it up
/home/runner/work/gh-aw/gh-aw/pkg/cli/audit_comparison.go:339:6: buildAuditComparison is 95 lines long (limit: 60); consider breaking it up
/home/runner/work/gh-aw/gh-aw/pkg/cli/audit_diff.go:67:6: computeFirewallDiff is 144 lines long (limit: 60); consider breaking it up
/home/runner/work/gh-aw/gh-aw/pkg/cli/audit_diff.go:415:6: computeMCPToolsDiff is 90 lines long (limit: 60); consider breaking it up
/home/runner/work/gh-aw/gh-aw/pkg/cli/audit_diff.go:510:6: computeRunMetricsDiff is 85 lines long (limit: 60); consider breaking it up
/home/runner/work/gh-aw/gh-aw/pkg/cli/audit_diff.go:608:6: computeToolCallsDiff is 131 lines long (limit: 60); consider breaking it up
/home/runner/work/gh-aw/gh-aw/pkg/cli/audit_diff.go:852:6: computeTokenUsageDiff is 73 lines long (limit: 60); consider breaking it up
/home/runner/work/gh-aw/gh-aw/pkg/cli/audit_diff_command.go:18:6: NewAuditDiffSubcommand is 91 lines long (limit: 60); consider breaking it up
/home/runner/work/gh-aw/gh-aw/pkg/cli/audit_diff_command.go:114:6: RunAuditDiff is 99 lines long (limit: 60); consider breaking it up
/home/runner/work/gh-aw/gh-aw/pkg/cli/audit_diff_render.go:75:6: renderSingleAuditDiffPretty is 61 lines long (limit: 60); consider breaking it up
/home/runner/work/gh-aw/gh-aw/pkg/cli/audit_diff_render.go:302:6: renderFirewallDiffPrettySection is 79 lines long (limit: 60); consider breaking it up
/home/runner/work/gh-aw/gh-aw/pkg/cli/audit_diff_render.go:385:6: renderMCPToolsDiffPrettySection is 62 lines long (limit: 60); consider breaking it up
/home/runner/work/gh-aw/gh-aw/pkg/cli/audit_diff_render.go:451:6: renderRunMetricsDiffPrettySection is 61 lines long (limit: 60); consider breaking it up
/home/runner/work/gh-aw/gh-aw/pkg/cli/audit_diff_render.go:516:6: renderTokenUsageDiffPrettySection is 68 lines long (limit: 60); consider breaking it up
/home/runner/work/gh-aw/gh-aw/pkg/cli/audit_expanded.go:294:6: buildSessionAnalysis is 77 lines long (limit: 60); consider breaking it up
/home/runner/work/gh-aw/gh-aw/pkg/cli/audit_expanded.go:469:6: buildMCPServerHealth is 96 lines long (limit: 60); consider breaking it up
/home/runner/work/gh-aw/gh-aw/pkg/cli/bootstrap_profile_github_app.go:24:6: runBootstrapGitHubAppAction is 61 lines long (limit: 60); consider breaking it up
/home/runner/work/gh-aw/gh-aw/pkg/cli/bootstrap_profile_manifest.go:82:6: parseManifestBootstrapAction is 141 lines long (limit: 60); consider breaking it up
/home/runner/work/gh-aw/gh-aw/pkg/cli/bootstrap_shared.go:43:6: isBootstrapInitMarkerSatisfied is 73 lines long (limit: 60); consider breaking it up
/home/runner/work/gh-aw/gh-aw/pkg/cli/codemod_agent_session.go:12:6: getAgentTaskToAgentSessionCodemod is 75 lines long (limit: 60); consider breaking it up
/home/runner/work/gh-aw/gh-aw/pkg/cli/codemod_agent_session.go:18:81: func literal is 67 lines long (limit: 60); consider breaking it up
/home/runner/work/gh-aw/gh-aw/pkg/cli/codemod_assign_to_agent.go:13:6: getAssignToAgentDefaultAgentCodemod is 103 lines long (limit: 60); consider breaking it up
/home/runner/work/gh-aw/gh-aw/pkg/cli/codemod_assign_to_agent.go:19:81: func literal is 95 lines long (limit: 60); consider breaking it up
/home/runner/work/gh-aw/gh-aw/pkg/cli/codemod_bash_single_quoted_args.go:18:6: getBashSingleQuotedArgsCodemod is 73 lines long (limit: 60); consider breaking it up
/home/runner/work/gh-aw/gh-aw/pkg/cli/codemod_bash_single_quoted_args.go:24:81: func literal is 65 lines long (limit: 60); consider breaking it up
/home/runner/work/gh-aw/gh-aw/pkg/cli/codemod_bash_single_quoted_args.go:97:6: rewriteSingleQuotedBashArgs is 77 lines long (limit: 60); consider breaking it up
/home/runner/work/gh-aw/gh-aw/pkg/cli/codemod_checkout_persist_credentials_false.go:120:6: transformAgentJobCheckoutPersistCredentials is 80 lines long (limit: 60); consider breaking it up
/home/runner/work/gh-aw/gh-aw/pkg/cli/codemod_checkout_persist_credentials_false.go:308:6: ensureStepCheckoutPersistCredentials is 85 lines long (limit: 60); consider breaking it up
/home/runner/work/gh-aw/gh-aw/pkg/cli/codemod_cli_proxy_mode.go:80:6: addGitHubModeGhProxyToTools is 66 lines long (limit: 60); consider breaking it up
/home/runner/work/gh-aw/gh-aw/pkg/cli/codemod_dependabot_permissions.go:116:6: ensureToolsetPermissions is 92 lines long (limit: 60); consider breaking it up
/home/runner/work/gh-aw/gh-aw/pkg/cli/codemod_difc_proxy.go:111:6: addIntegrityProxyFalseToToolsGitHub is 64 lines long (limit: 60); consider breaking it up
/home/runner/work/gh-aw/gh-aw/pkg/cli/codemod_discussion_flag.go:12:6: getDiscussionFlagRemovalCodemod is 114 lines long (limit: 60); consider breaking it up
/home/runner/work/gh-aw/gh-aw/pkg/cli/codemod_discussion_flag.go:18:81: func literal is 106 lines long (limit: 60); consider breaking it up
/home/runner/work/gh-aw/gh-aw/pkg/cli/codemod_discussion_flag.go:47:109: func literal is 72 lines long (limit: 60); consider breaking it up
/home/runner/work/gh-aw/gh-aw/pkg/cli/codemod_discussion_trigger_categories.go:76:6: lowercaseDiscussionTriggerTypesInLines is 82 lines long (limit: 60); consider breaking it up
/home/runner/work/gh-aw/gh-aw/pkg/cli/codemod_effective_tokens_to_ai_credits.go:23:6: getEffectiveTokensToAICreditsCodemod is 72 lines long (limit: 60); consider breaking it up
/home/runner/work/gh-aw/gh-aw/pkg/cli/codemod_effective_tokens_to_ai_credits.go:29:81: func literal is 64 lines long (limit: 60); consider breaking it up
/home/runner/work/gh-aw/gh-aw/pkg/cli/codemod_engine_env_secrets.go:153:6: removeUnsafeEngineEnvKeys is 69 lines long (limit: 60); consider breaking it up
/home/runner/work/gh-aw/gh-aw/pkg/cli/codemod_engine_steps.go:12:6: getEngineStepsToTopLevelCodemod is 251 lines long (limit: 60); consider breaking it up
/home/runner/work/gh-aw/gh-aw/pkg/cli/codemod_engine_steps.go:18:81: func literal is 243 lines long (limit: 60); consider breaking it up
/home/runner/work/gh-aw/gh-aw/pkg/cli/codemod_engine_steps.go:46:99: func literal is 214 lines long (limit: 60); consider breaking it up
/home/runner/work/gh-aw/gh-aw/pkg/cli/codemod_engine_to_top_level_helpers.go:19:6: migrateEngineFieldToTopLevel is 89 lines long (limit: 60); consider breaking it up
/home/runner/work/gh-aw/gh-aw/pkg/cli/codemod_engine_to_top_level_helpers.go:44:86: func literal is 67 lines long (limit: 60); consider breaking it up
/home/runner/work/gh-aw/gh-aw/pkg/cli/codemod_factory.go:98:6: newMoveTopLevelKeyToOnBlockCodemod is 153 lines long (limit: 60); consider breaking it up
/home/runner/work/gh-aw/gh-aw/pkg/cli/codemod_factory.go:107:81: func literal is 142 lines long (limit: 60); consider breaking it up
/home/runner/work/gh-aw/gh-aw/pkg/cli/codemod_factory.go:123:99: func literal is 125 lines long (limit: 60); consider breaking it up
/home/runner/work/gh-aw/gh-aw/pkg/cli/codemod_github_app.go:91:6: renameAppToGitHubApp is 109 lines long (limit: 60); consider breaking it up
/home/runner/work/gh-aw/gh-aw/pkg/cli/codemod_github_repos.go:61:6: renameGitHubReposToAllowedRepos is 61 lines long (limit: 60); consider breaking it up
/home/runner/work/gh-aw/gh-aw/pkg/cli/codemod_mcp_network.go:15:6: getMCPNetworkMigrationCodemod is 133 lines long (limit: 60); consider breaking it up
/home/runner/work/gh-aw/gh-aw/pkg/cli/codemod_mcp_network.go:21:81: func literal is 125 lines long (limit: 60); consider breaking it up
/home/runner/work/gh-aw/gh-aw/pkg/cli/codemod_mcp_network.go:152:6: removeFieldFromMCPServer is 87 lines long (limit: 60); consider breaking it up
/home/runner/work/gh-aw/gh-aw/pkg/cli/codemod_mcp_network.go:289:6: updateNetworkAllowed is 72 lines long (limit: 60); consider breaking it up
/home/runner/work/gh-aw/gh-aw/pkg/cli/codemod_mentions_allow_team_members.go:56:6: renameMentionsAllowTeamMembers is 94 lines long (limit: 60); consider breaking it up
/home/runner/work/gh-aw/gh-aw/pkg/cli/codemod_messages_effective_tokens_suffix_to_ai_credits_suffix.go:70:6: migrateMessagesEffectiveTokensSuffixToAICreditsSuffix is 93 lines long (limit: 60); consider breaking it up
/home/runner/work/gh-aw/gh-aw/pkg/cli/codemod_network_firewall.go:155:6: mergeFirewallIntoExistingSandbox is 72 lines long (limit: 60); consider breaking it up
/home/runner/work/gh-aw/gh-aw/pkg/cli/codemod_permissions_read.go:12:6: getExpandPermissionsShorthandCodemod is 62 lines long (limit: 60); consider breaking it up
/home/runner/work/gh-aw/gh-aw/pkg/cli/codemod_permissions_write.go:20:6: getMigrateWritePermissionsToReadCodemod is 116 lines long (limit: 60); consider breaking it up
/home/runner/work/gh-aw/gh-aw/pkg/cli/codemod_permissions_write.go:26:81: func literal is 108 lines long (limit: 60); consider breaking it up
/home/runner/work/gh-aw/gh-aw/pkg/cli/codemod_permissions_write.go:62:109: func literal is 67 lines long (limit: 60); consider breaking it up
/home/runner/work/gh-aw/gh-aw/pkg/cli/codemod_playwright_domains.go:14:6: getPlaywrightDomainsToNetworkAllowedCodemod is 90 lines long (limit: 60); consider breaking it up
/home/runner/work/gh-aw/gh-aw/pkg/cli/codemod_playwright_domains.go:20:81: func literal is 82 lines long (limit: 60); consider breaking it up
/home/runner/work/gh-aw/gh-aw/pkg/cli/codemod_playwright_domains.go:108:6: removeFieldFromPlaywright is 76 lines long (limit: 60); consider breaking it up
/home/runner/work/gh-aw/gh-aw/pkg/cli/codemod_run_install_scripts.go:67:6: migrateRunInstallScriptsLines is 95 lines long (limit: 60); consider breaking it up
/home/runner/work/gh-aw/gh-aw/pkg/cli/codemod_safe_output_add_reviewer_allowlists.go:64:6: renameAddReviewerAllowlists is 90 lines long (limit: 60); consider breaking it up
/home/runner/work/gh-aw/gh-aw/pkg/cli/codemod_safe_output_merge_pr_constraints.go:59:6: renameMergePRConstraints is 78 lines long (limit: 60); consider breaking it up
/home/runner/work/gh-aw/gh-aw/pkg/cli/codemod_safe_output_require_title_prefix.go:90:6: renameSafeOutputTitlePrefixConstraints is 92 lines long (limit: 60); consider breaking it up
/home/runner/work/gh-aw/gh-aw/pkg/cli/codemod_schedule.go:13:6: getScheduleAtToAroundCodemod is 118 lines long (limit: 60); consider breaking it up
/home/runner/work/gh-aw/gh-aw/pkg/cli/codemod_schedule.go:19:81: func literal is 110 lines long (limit: 60); consider breaking it up
/home/runner/work/gh-aw/gh-aw/pkg/cli/codemod_schedule.go:20:88: func literal is 108 lines long (limit: 60); consider breaking it up
/home/runner/work/gh-aw/gh-aw/pkg/cli/codemod_serena_import.go:345:6: addSerenaImport is 62 lines long (limit: 60); consider breaking it up
/home/runner/work/gh-aw/gh-aw/pkg/cli/codemod_slash_command.go:12:6: getCommandToSlashCommandCodemod is 68 lines long (limit: 60); consider breaking it up
/home/runner/work/gh-aw/gh-aw/pkg/cli/codemod_steps_run_secrets_env.go:155:6: rewriteStepRunSecretsToEnv is 162 lines long (limit: 60); consider breaking it up
/home/runner/work/gh-aw/gh-aw/pkg/cli/codemod_steps_run_secrets_env.go:325:6: replaceStepExpressionRefs is 79 lines long (limit: 60); consider breaking it up
/home/runner/work/gh-aw/gh-aw/pkg/cli/codemod_upload_assets.go:12:6: getUploadAssetsCodemod is 68 lines long (limit: 60); consider breaking it up
/home/runner/work/gh-aw/gh-aw/pkg/cli/codemod_user_rate_limit.go:38:6: renameRateLimitToUserRateLimit is 69 lines long (limit: 60); consider breaking it up
/home/runner/work/gh-aw/gh-aw/pkg/cli/codemod_workflow_dispatch_required.go:77:6: rewriteWorkflowDispatchRequiredFalse is 115 lines long (limit: 60); consider breaking it up
/home/runner/work/gh-aw/gh-aw/pkg/cli/codemod_workflow_run_branches.go:90:6: addWorkflowRunBranches is 75 lines long (limit: 60); consider breaking it up
/home/runner/work/gh-aw/gh-aw/pkg/cli/commands.go:19:6: CreateWorkflowMarkdownFile is 61 lines long (limit: 60); consider breaking it up
/home/runner/work/gh-aw/gh-aw/pkg/cli/compile_compiler_setup.go:131:6: configureCompilerFlags is 72 lines long (limit: 60); consider breaking it up
/home/runner/work/gh-aw/gh-aw/pkg/cli/compile_file_operations.go:142:6: compileModifiedFilesWithDependencies is 83 lines long (limit: 60); consider breaking it up
/home/runner/work/gh-aw/gh-aw/pkg/cli/compile_orchestrator.go:18:6: CompileWorkflows is 113 lines long (limit: 60); consider breaking it up
/home/runner/work/gh-aw/gh-aw/pkg/cli/compile_pipeline.go:45:6: compileSpecificFiles is 265 lines long (limit: 60); consider breaking it up
/home/runner/work/gh-aw/gh-aw/pkg/cli/compile_pipeline.go:320:6: compileAllFilesInDirectory is 287 lines long (limit: 60); consider breaking it up
/home/runner/work/gh-aw/gh-aw/pkg/cli/compile_repository_manifest.go:19:6: validateRepositoryManifestForCompilation is 70 lines long (limit: 60); consider breaking it up
/home/runner/work/gh-aw/gh-aw/pkg/cli/compile_schedule_calendar.go:237:6: displayScheduleCalendar is 62 lines long (limit: 60); consider breaking it up
/home/runner/work/gh-aw/gh-aw/pkg/cli/compile_stats.go:49:6: collectWorkflowStats is 72 lines long (limit: 60); consider breaking it up
/home/runner/work/gh-aw/gh-aw/pkg/cli/compile_stats.go:138:6: printCompilationSummary is 84 lines long (limit: 60); consider breaking it up
/home/runner/work/gh-aw/gh-aw/pkg/cli/compile_stats.go:246:6: displayStatsTable is 84 lines long (limit: 60); consider breaking it up
/home/runner/work/gh-aw/gh-aw/pkg/cli/compile_validation.go:31:6: CompileWorkflowWithValidation is 86 lines long (limit: 60); consider breaking it up
/home/runner/work/gh-aw/gh-aw/pkg/cli/compile_validation.go:122:6: CompileWorkflowDataWithValidation is 65 lines long (limit: 60); consider breaking it up
/home/runner/work/gh-aw/gh-aw/pkg/cli/compile_watch.go:25:6: watchAndCompileWorkflows is 210 lines long (limit: 60); consider breaking it up
/home/runner/work/gh-aw/gh-aw/pkg/cli/compile_workflow_processor.go:71:6: compileWorkflowFile is 113 lines long (limit: 60); consider breaking it up
/home/runner/work/gh-aw/gh-aw/pkg/cli/completion_command.go:14:6: NewCompletionCommand is 105 lines long (limit: 60); consider breaking it up
/home/runner/work/gh-aw/gh-aw/pkg/cli/copilot_agent_logs.go:38:6: ParseCopilotCodingAgentLogMetrics is 77 lines long (limit: 60); consider breaking it up
/home/runner/work/gh-aw/gh-aw/pkg/cli/copilot_agents.go:43:6: ensureAgenticWorkflowsDispatcher is 63 lines long (limit: 60); consider breaking it up
/home/runner/work/gh-aw/gh-aw/pkg/cli/copilot_events_jsonl.go:186:6: parseEventsJSONLMetrics is 160 lines long (limit: 60); consider breaking it up
/home/runner/work/gh-aw/gh-aw/pkg/cli/copilot_setup.go:99:6: generateCopilotSetupStepsYAML is 73 lines long (limit: 60); consider breaking it up
/home/runner/work/gh-aw/gh-aw/pkg/cli/copilot_setup.go:243:6: ensureCopilotSetupStepsWithUpgrade is 84 lines long (limit: 60); consider breaking it up
/home/runner/work/gh-aw/gh-aw/pkg/cli/dependency_graph.go:160:27: extractImportsFromFrontmatter is 69 lines long (limit: 60); consider breaking it up
/home/runner/work/gh-aw/gh-aw/pkg/cli/deps_report.go:29:6: GenerateDependencyReport is 71 lines long (limit: 60); consider breaking it up
/home/runner/work/gh-aw/gh-aw/pkg/cli/deps_report.go:104:6: DisplayDependencyReport is 78 lines long (limit: 60); consider breaking it up
/home/runner/work/gh-aw/gh-aw/pkg/cli/deps_report.go:186:6: DisplayDependencyReportJSON is 67 lines long (limit: 60); consider breaking it up
/home/runner/work/gh-aw/gh-aw/pkg/cli/deps_security.go:142:6: querySecurityAdvisories is 73 lines long (limit: 60); consider breaking it up
/home/runner/work/gh-aw/gh-aw/pkg/cli/devcontainer.go:67:6: ensureDevcontainerConfig is 148 lines long (limit: 60); consider breaking it up
/home/runner/work/gh-aw/gh-aw/pkg/cli/devcontainer.go:219:6: buildRepositoryPermissions is 64 lines long (limit: 60); consider breaking it up
/home/runner/work/gh-aw/gh-aw/pkg/cli/dispatch.go:96:6: fetchAndSaveRemoteDispatchWorkflows is 177 lines long (limit: 60); consider breaking it up
/home/runner/work/gh-aw/gh-aw/pkg/cli/dispatch.go:302:6: fetchAndSaveDispatchWorkflowsFromParsedFile is 181 lines long (limit: 60); consider breaking it up
/home/runner/work/gh-aw/gh-aw/pkg/cli/dispatch.go:500:6: fetchAndSaveRemoteCallWorkflows is 168 lines long (limit: 60); consider breaking it up
/home/runner/work/gh-aw/gh-aw/pkg/cli/dispatch.go:682:6: fetchAndSaveCallWorkflowsFromParsedFile is 180 lines long (limit: 60); consider breaking it up
/home/runner/work/gh-aw/gh-aw/pkg/cli/docker_images.go:145:6: StartDockerImageDownload is 106 lines long (limit: 60); consider breaking it up
/home/runner/work/gh-aw/gh-aw/pkg/cli/docker_images.go:178:12: func literal is 67 lines long (limit: 60); consider breaking it up
/home/runner/work/gh-aw/gh-aw/pkg/cli/docker_images.go:261:6: CheckAndPrepareDockerImages is 118 lines long (limit: 60); consider breaking it up
/home/runner/work/gh-aw/gh-aw/pkg/cli/download_workflow.go:62:6: downloadWorkflowContentViaGitClone is 101 lines long (limit: 60); consider breaking it up
/home/runner/work/gh-aw/gh-aw/pkg/cli/drain3_integration.go:126:6: buildAgentEventsFromProcessedRun is 87 lines long (limit: 60); consider breaking it up
/home/runner/work/gh-aw/gh-aw/pkg/cli/drain3_train.go:25:6: TrainDrain3Weights is 69 lines long (limit: 60); consider breaking it up
/home/runner/work/gh-aw/gh-aw/pkg/cli/enable.go:37:6: toggleWorkflowsByNames is 238 lines long (limit: 60); consider breaking it up
/home/runner/work/gh-aw/gh-aw/pkg/cli/enable.go:280:6: DisableAllWorkflowsExcept is 103 lines long (limit: 60); consider breaking it up
/home/runner/work/gh-aw/gh-aw/pkg/cli/engine_secrets.go:237:6: ensureSecretAvailable is 70 lines long (limit: 60); consider breaking it up
/home/runner/work/gh-aw/gh-aw/pkg/cli/engine_secrets.go:332:6: promptForCopilotPATUnified is 66 lines long (limit: 60); consider breaking it up
/home/runner/work/gh-aw/gh-aw/pkg/cli/engine_secrets.go:732:6: displaySecretsSummaryTable is 61 lines long (limit: 60); consider breaking it up
/home/runner/work/gh-aw/gh-aw/pkg/cli/experiments_analyze_statistics.go:110:6: computeExperimentAnalysis is 116 lines long (limit: 60); consider breaking it up
/home/runner/work/gh-aw/gh-aw/pkg/cli/experiments_analyze_statistics.go:307:6: printOneExperimentAnalysis is 68 lines long (limit: 60); consider breaking it up
/home/runner/work/gh-aw/gh-aw/pkg/cli/experiments_command.go:778:6: printExperimentDetails is 64 lines long (limit: 60); consider breaking it up
/home/runner/work/gh-aw/gh-aw/pkg/cli/fetch.go:88:6: fetchRemoteWorkflow is 69 lines long (limit: 60); consider breaking it up
/home/runner/work/gh-aw/gh-aw/pkg/cli/fetch.go:300:6: fetchGenericURLWorkflow is 80 lines long (limit: 60); consider breaking it up
/home/runner/work/gh-aw/gh-aw/pkg/cli/firewall_log.go:241:6: parseFirewallLog is 90 lines long (limit: 60); consider breaking it up
/home/runner/work/gh-aw/gh-aw/pkg/cli/firewall_log.go:337:6: analyzeFirewallLogs is 88 lines long (limit: 60); consider breaking it up
/home/runner/work/gh-aw/gh-aw/pkg/cli/firewall_policy.go:317:6: enrichWithPolicyRules is 99 lines long (limit: 60); consider breaking it up
/home/runner/work/gh-aw/gh-aw/pkg/cli/firewall_policy.go:427:6: detectFirewallAuditArtifacts is 67 lines long (limit: 60); consider breaking it up
/home/runner/work/gh-aw/gh-aw/pkg/cli/fix_codemods.go:46:6: GetAllCodemods is 67 lines long (limit: 60); consider breaking it up
/home/runner/work/gh-aw/gh-aw/pkg/cli/fix_command.go:118:6: runFixCommand is 172 lines long (limit: 60); consider breaking it up
/home/runner/work/gh-aw/gh-aw/pkg/cli/fix_command.go:300:6: processWorkflowFileWithInfo is 76 lines long (limit: 60); consider breaking it up
/home/runner/work/gh-aw/gh-aw/pkg/cli/forecast.go:25:6: RunForecast is 160 lines long (limit: 60); consider breaking it up
/home/runner/work/gh-aw/gh-aw/pkg/cli/forecast_command.go:35:6: NewForecastCommand is 85 lines long (limit: 60); consider breaking it up
/home/runner/work/gh-aw/gh-aw/pkg/cli/forecast_compute.go:31:6: forecastWorkflow is 147 lines long (limit: 60); consider breaking it up
/home/runner/work/gh-aw/gh-aw/pkg/cli/forecast_compute.go:248:6: forecastDownloadUsageArtifact is 65 lines long (limit: 60); consider breaking it up
/home/runner/work/gh-aw/gh-aw/pkg/cli/forecast_compute.go:372:6: evaluateForecast is 73 lines long (limit: 60); consider breaking it up
/home/runner/work/gh-aw/gh-aw/pkg/cli/forecast_montecarlo.go:100:6: runMonteCarlo is 61 lines long (limit: 60); consider breaking it up
/home/runner/work/gh-aw/gh-aw/pkg/cli/forecast_render.go:29:6: renderForecastTable is 79 lines long (limit: 60); consider breaking it up
/home/runner/work/gh-aw/gh-aw/pkg/cli/frontmatter_editor.go:19:6: UpdateFieldInFrontmatter is 86 lines long (limit: 60); consider breaking it up
/home/runner/work/gh-aw/gh-aw/pkg/cli/frontmatter_editor.go:194:6: RemoveFieldFromOnTrigger is 116 lines long (limit: 60); consider breaking it up
/home/runner/work/gh-aw/gh-aw/pkg/cli/frontmatter_editor.go:316:6: SetFieldInOnTrigger is 162 lines long (limit: 60); consider breaking it up
/home/runner/work/gh-aw/gh-aw/pkg/cli/frontmatter_editor.go:485:6: UpdateScheduleInOnBlock is 82 lines long (limit: 60); consider breaking it up
/home/runner/work/gh-aw/gh-aw/pkg/cli/gateway_logs_mcp.go:22:6: extractMCPToolUsageData is 79 lines long (limit: 60); consider breaking it up
/home/runner/work/gh-aw/gh-aw/pkg/cli/gateway_logs_mcp.go:105:6: extractToolCallsFromGatewayLog is 68 lines long (limit: 60); consider breaking it up
/home/runner/work/gh-aw/gh-aw/pkg/cli/gateway_logs_mcp.go:177:6: buildMCPSummaryStats is 87 lines long (limit: 60); consider breaking it up
/home/runner/work/gh-aw/gh-aw/pkg/cli/gateway_logs_parsing.go:20:6: parseGatewayLogs is 73 lines long (limit: 60); consider breaking it up
/home/runner/work/gh-aw/gh-aw/pkg/cli/gateway_logs_parsing.go:97:6: processGatewayLogEntry is 127 lines long (limit: 60); consider breaking it up
/home/runner/work/gh-aw/gh-aw/pkg/cli/gateway_logs_render.go:21:6: renderGatewayMetricsTable is 164 lines long (limit: 60); consider breaking it up
/home/runner/work/gh-aw/gh-aw/pkg/cli/gateway_logs_render.go:204:6: displayAggregatedGatewayMetrics is 90 lines long (limit: 60); consider breaking it up
/home/runner/work/gh-aw/gh-aw/pkg/cli/gateway_logs_rpc.go:22:6: parseRPCMessages is 201 lines long (limit: 60); consider breaking it up
/home/runner/work/gh-aw/gh-aw/pkg/cli/gateway_logs_rpc.go:244:6: buildToolCallsFromRPCMessages is 139 lines long (limit: 60); consider breaking it up
/home/runner/work/gh-aw/gh-aw/pkg/cli/gateway_logs_timeline_render.go:470:6: renderUnifiedTimelineStream is 148 lines long (limit: 60); consider breaking it up
/home/runner/work/gh-aw/gh-aw/pkg/cli/gateway_logs_timeline_render.go:626:6: renderUnifiedTimeline is 84 lines long (limit: 60); consider breaking it up
/home/runner/work/gh-aw/gh-aw/pkg/cli/generate_action_metadata_command.go:60:6: GenerateActionMetadataCommand is 89 lines long (limit: 60); consider breaking it up
/home/runner/work/gh-aw/gh-aw/pkg/cli/generate_action_metadata_command.go:372:6: generateReadme is 83 lines long (limit: 60); consider breaking it up
/home/runner/work/gh-aw/gh-aw/pkg/cli/git.go:349:6: ensureGitAttributes is 62 lines long (limit: 60); consider breaking it up
/home/runner/work/gh-aw/gh-aw/pkg/cli/git.go:583:6: checkWorkflowFileStatus is 91 lines long (limit: 60); consider breaking it up
/home/runner/work/gh-aw/gh-aw/pkg/cli/grant.go:58:6: runGrantOnLockFiles is 68 lines long (limit: 60); consider breaking it up
/home/runner/work/gh-aw/gh-aw/pkg/cli/grype.go:218:6: grypeRunOnImage is 70 lines long (limit: 60); consider breaking it up
/home/runner/work/gh-aw/gh-aw/pkg/cli/health_command.go:94:6: RunHealth is 76 lines long (limit: 60); consider breaking it up
/home/runner/work/gh-aw/gh-aw/pkg/cli/health_metrics.go:70:6: CalculateWorkflowHealth is 75 lines long (limit: 60); consider breaking it up
/home/runner/work/gh-aw/gh-aw/pkg/cli/import_url_fetcher.go:59:6: FetchImportURL is 68 lines long (limit: 60); consider breaking it up
/home/runner/work/gh-aw/gh-aw/pkg/cli/importpath.go:81:6: resolveImportPath is 69 lines long (limit: 60); consider breaking it up
/home/runner/work/gh-aw/gh-aw/pkg/cli/imports.go:39:6: processImportsWithWorkflowSpec is 90 lines long (limit: 60); consider breaking it up
/home/runner/work/gh-aw/gh-aw/pkg/cli/imports.go:153:6: processIncludesWithWorkflowSpec is 145 lines long (limit: 60); consider breaking it up
/home/runner/work/gh-aw/gh-aw/pkg/cli/imports.go:305:6: processIncludesInContent is 70 lines long (limit: 60); consider breaking it up
/home/runner/work/gh-aw/gh-aw/pkg/cli/includes.go:35:6: FetchIncludeFromSource is 87 lines long (limit: 60); consider breaking it up
/home/runner/work/gh-aw/gh-aw/pkg/cli/includes.go:210:6: fetchFrontmatterImportsRecursive is 230 lines long (limit: 60); consider breaking it up
/home/runner/work/gh-aw/gh-aw/pkg/cli/includes.go:445:6: fetchAndSaveRemoteIncludes is 116 lines long (limit: 60); consider breaking it up
/home/runner/work/gh-aw/gh-aw/pkg/cli/init.go:40:6: InitRepository is 197 lines long (limit: 60); consider breaking it up
/home/runner/work/gh-aw/gh-aw/pkg/cli/init.go:242:6: ensureMaintenanceWorkflow is 71 lines long (limit: 60); consider breaking it up
/home/runner/work/gh-aw/gh-aw/pkg/cli/init.go:373:6: ensureGHESRepoConfig is 63 lines long (limit: 60); consider breaking it up
/home/runner/work/gh-aw/gh-aw/pkg/cli/init_command.go:17:6: NewInitCommand is 144 lines long (limit: 60); consider breaking it up
/home/runner/work/gh-aw/gh-aw/pkg/cli/init_command.go:74:55: func literal is 65 lines long (limit: 60); consider breaking it up
/home/runner/work/gh-aw/gh-aw/pkg/cli/interactive.go:150:38: promptForConfiguration is 133 lines long (limit: 60); consider breaking it up
/home/runner/work/gh-aw/gh-aw/pkg/cli/interactive.go:290:38: promptForConfigurationFrom is 90 lines long (limit: 60); consider breaking it up
/home/runner/work/gh-aw/gh-aw/pkg/cli/interactive.go:533:38: generateWorkflowContent is 69 lines long (limit: 60); consider breaking it up
/home/runner/work/gh-aw/gh-aw/pkg/cli/jsonworkflow_to_markdown.go:153:6: ConvertJSONWorkflowToMarkdown is 159 lines long (limit: 60); consider breaking it up
/home/runner/work/gh-aw/gh-aw/pkg/cli/jsonworkflow_to_markdown.go:394:6: convertTriggersToOn is 77 lines long (limit: 60); consider breaking it up
/home/runner/work/gh-aw/gh-aw/pkg/cli/list_workflows_command.go:85:6: RunListWorkflows is 152 lines long (limit: 60); consider breaking it up
/home/runner/work/gh-aw/gh-aw/pkg/cli/log_aggregation.go:41:6: aggregateLogFiles is 74 lines long (limit: 60); consider breaking it up
/home/runner/work/gh-aw/gh-aw/pkg/cli/logs_cache.go:96:6: cleanupOldRunFolders is 65 lines long (limit: 60); consider breaking it up
/home/runner/work/gh-aw/gh-aw/pkg/cli/logs_download.go:60:6: flattenSingleFileArtifacts is 75 lines long (limit: 60); consider breaking it up
/home/runner/work/gh-aw/gh-aw/pkg/cli/logs_download.go:179:6: flattenArtifactTree is 61 lines long (limit: 60); consider breaking it up
/home/runner/work/gh-aw/gh-aw/pkg/cli/logs_download.go:325:6: downloadWorkflowRunLogs is 64 lines long (limit: 60); consider breaking it up
/home/runner/work/gh-aw/gh-aw/pkg/cli/logs_download.go:412:6: extractZipFile is 74 lines long (limit: 60); consider breaking it up
/home/runner/work/gh-aw/gh-aw/pkg/cli/logs_download.go:681:6: downloadRunArtifacts is 331 lines long (limit: 60); consider breaking it up
/home/runner/work/gh-aw/gh-aw/pkg/cli/logs_episode.go:103:6: buildEpisodeData is 196 lines long (limit: 60); consider breaking it up
/home/runner/work/gh-aw/gh-aw/pkg/cli/logs_format_compact.go:58:6: renderLogsCompactToWriter is 165 lines long (limit: 60); consider breaking it up
/home/runner/work/gh-aw/gh-aw/pkg/cli/logs_format_compact.go:232:6: renderLogsCompactVerboseToWriter is 159 lines long (limit: 60); consider breaking it up
/home/runner/work/gh-aw/gh-aw/pkg/cli/logs_format_tsv.go:32:6: renderLogsTSVToWriter is 80 lines long (limit: 60); consider breaking it up
/home/runner/work/gh-aw/gh-aw/pkg/cli/logs_format_tsv.go:121:6: renderLogsTSVVerboseToWriter is 71 lines long (limit: 60); consider breaking it up
/home/runner/work/gh-aw/gh-aw/pkg/cli/logs_github_api.go:192:6: listWorkflowRunsWithPagination is 188 lines long (limit: 60); consider breaking it up
/home/runner/work/gh-aw/gh-aw/pkg/cli/logs_github_rate_limit_usage.go:124:6: parseGitHubRateLimitsFile is 166 lines long (limit: 60); consider breaking it up
/home/runner/work/gh-aw/gh-aw/pkg/cli/logs_metrics.go:49:6: extractLogMetrics is 209 lines long (limit: 60); consider breaking it up
/home/runner/work/gh-aw/gh-aw/pkg/cli/logs_metrics.go:280:6: extractMissingToolsFromRun is 126 lines long (limit: 60); consider breaking it up
/home/runner/work/gh-aw/gh-aw/pkg/cli/logs_metrics.go:412:6: extractNoopsFromRun is 122 lines long (limit: 60); consider breaking it up
/home/runner/work/gh-aw/gh-aw/pkg/cli/logs_metrics.go:540:6: extractMissingDataFromRun is 128 lines long (limit: 60); consider breaking it up
/home/runner/work/gh-aw/gh-aw/pkg/cli/logs_orchestrator_download.go:169:6: collectProcessedWorkflowRuns is 76 lines long (limit: 60); consider breaking it up
/home/runner/work/gh-aw/gh-aw/pkg/cli/logs_orchestrator_filters.go:44:6: applyRunFilters is 103 lines long (limit: 60); consider breaking it up
/home/runner/work/gh-aw/gh-aw/pkg/cli/logs_orchestrator_render.go:20:6: renderLogsOutput is 127 lines long (limit: 60); consider breaking it up
/home/runner/work/gh-aw/gh-aw/pkg/cli/logs_orchestrator_stdin.go:24:6: DownloadWorkflowLogsFromStdin is 205 lines long (limit: 60); consider breaking it up
/home/runner/work/gh-aw/gh-aw/pkg/cli/logs_parsing_firewall.go:30:6: parseFirewallLogs is 202 lines long (limit: 60); consider breaking it up
/home/runner/work/gh-aw/gh-aw/pkg/cli/logs_parsing_javascript.go:29:6: parseAgentLog is 125 lines long (limit: 60); consider breaking it up
/home/runner/work/gh-aw/gh-aw/pkg/cli/logs_report.go:181:6: buildLogsData is 317 lines long (limit: 60); consider breaking it up
/home/runner/work/gh-aw/gh-aw/pkg/cli/logs_report_mcp.go:56:6: buildMCPToolUsageSummary is 135 lines long (limit: 60); consider breaking it up
/home/runner/work/gh-aw/gh-aw/pkg/cli/logs_report_tools.go:70:6: buildToolUsageSummary is 66 lines long (limit: 60); consider breaking it up
/home/runner/work/gh-aw/gh-aw/pkg/cli/logs_safe_output_chains.go:40:6: buildSafeOutputChainMetrics is 61 lines long (limit: 60); consider breaking it up
/home/runner/work/gh-aw/gh-aw/pkg/cli/logs_usage_activity.go:96:6: applyUsageActivitySummaryToResult is 78 lines long (limit: 60); consider breaking it up
/home/runner/work/gh-aw/gh-aw/pkg/cli/logs_utils.go:28:6: getAgenticWorkflowNames is 61 lines long (limit: 60); consider breaking it up
/home/runner/work/gh-aw/gh-aw/pkg/cli/logs_utils.go:126:6: findAgentLogFile is 174 lines long (limit: 60); consider breaking it up
/home/runner/work/gh-aw/gh-aw/pkg/cli/mcp_add.go:22:6: AddMCPTool is 141 lines long (limit: 60); consider breaking it up
/home/runner/work/gh-aw/gh-aw/pkg/cli/mcp_add.go:167:6: createMCPToolConfig is 116 lines long (limit: 60); consider breaking it up
/home/runner/work/gh-aw/gh-aw/pkg/cli/mcp_inspect.go:30:6: InspectWorkflowMCP is 160 lines long (limit: 60); consider breaking it up
/home/runner/work/gh-aw/gh-aw/pkg/cli/mcp_inspect.go:235:6: NewMCPInspectSubcommand is 80 lines long (limit: 60); consider breaking it up
/home/runner/work/gh-aw/gh-aw/pkg/cli/mcp_inspect_inspector.go:37:6: spawnMCPInspector is 229 lines long (limit: 60); consider breaking it up
/home/runner/work/gh-aw/gh-aw/pkg/cli/mcp_inspect_mcp.go:135:6: connectStdioMCPServer is 93 lines long (limit: 60); consider breaking it up
/home/runner/work/gh-aw/gh-aw/pkg/cli/mcp_inspect_mcp.go:232:6: connectHTTPMCPServer is 86 lines long (limit: 60); consider breaking it up
/home/runner/work/gh-aw/gh-aw/pkg/cli/mcp_inspect_mcp.go:358:6: displayServerCapabilities is 85 lines long (limit: 60); consider breaking it up
/home/runner/work/gh-aw/gh-aw/pkg/cli/mcp_inspect_mcp.go:447:6: displayDetailedToolInfo is 111 lines long (limit: 60); consider breaking it up
/home/runner/work/gh-aw/gh-aw/pkg/cli/mcp_inspect_mcp.go:562:6: displayToolAllowanceHint is 75 lines long (limit: 60); consider breaking it up
/home/runner/work/gh-aw/gh-aw/pkg/cli/mcp_inspect_mcp_scripts_files.go:15:6: writeMCPScriptsFiles is 97 lines long (limit: 60); consider breaking it up
/home/runner/work/gh-aw/gh-aw/pkg/cli/mcp_inspect_mcp_scripts_server.go:131:6: startMCPScriptsServer is 93 lines long (limit: 60); consider breaking it up
/home/runner/work/gh-aw/gh-aw/pkg/cli/mcp_list.go:23:6: ListWorkflowMCP is 105 lines long (limit: 60); consider breaking it up
/home/runner/work/gh-aw/gh-aw/pkg/cli/mcp_list.go:133:6: listWorkflowsWithMCPServers is 92 lines long (limit: 60); consider breaking it up
/home/runner/work/gh-aw/gh-aw/pkg/cli/mcp_list_tools.go:25:6: ListToolsForMCP is 79 lines long (limit: 60); consider breaking it up
/home/runner/work/gh-aw/gh-aw/pkg/cli/mcp_logs_guardrail.go:43:6: buildLogsFileResponse is 87 lines long (limit: 60); consider breaking it up
/home/runner/work/gh-aw/gh-aw/pkg/cli/mcp_permissions.go:68:6: checkActorPermission is 67 lines long (limit: 60); consider breaking it up
/home/runner/work/gh-aw/gh-aw/pkg/cli/mcp_registry.go:69:29: SearchServers is 190 lines long (limit: 60); consider breaking it up
/home/runner/work/gh-aw/gh-aw/pkg/cli/mcp_registry_list.go:16:6: listAvailableServers is 66 lines long (limit: 60); consider breaking it up
/home/runner/work/gh-aw/gh-aw/pkg/cli/mcp_secrets.go:16:6: checkAndSuggestSecrets is 61 lines long (limit: 60); consider breaking it up
/home/runner/work/gh-aw/gh-aw/pkg/cli/mcp_server.go:19:6: createMCPServer is 79 lines long (limit: 60); consider breaking it up
/home/runner/work/gh-aw/gh-aw/pkg/cli/mcp_server_command.go:70:6: runMCPServer is 79 lines long (limit: 60); consider breaking it up
/home/runner/work/gh-aw/gh-aw/pkg/cli/mcp_tool_table.go:29:6: renderMCPToolTable is 84 lines long (limit: 60); consider breaking it up
/home/runner/work/gh-aw/gh-aw/pkg/cli/mcp_tools_management.go:172:6: registerFixTool is 68 lines long (limit: 60); consider breaking it up
/home/runner/work/gh-aw/gh-aw/pkg/cli/mcp_tools_privileged.go:93:6: registerLogsTool is 201 lines long (limit: 60); consider breaking it up
/home/runner/work/gh-aw/gh-aw/pkg/cli/mcp_tools_privileged.go:138:106: func literal is 153 lines long (limit: 60); consider breaking it up
/home/runner/work/gh-aw/gh-aw/pkg/cli/mcp_tools_privileged.go:335:6: registerAuditTool is 177 lines long (limit: 60); consider breaking it up
/home/runner/work/gh-aw/gh-aw/pkg/cli/mcp_tools_privileged.go:389:107: func literal is 120 lines long (limit: 60); consider breaking it up
/home/runner/work/gh-aw/gh-aw/pkg/cli/mcp_tools_privileged.go:524:6: registerAuditDiffTool is 97 lines long (limit: 60); consider breaking it up
/home/runner/work/gh-aw/gh-aw/pkg/cli/mcp_tools_privileged.go:551:111: func literal is 67 lines long (limit: 60); consider breaking it up
/home/runner/work/gh-aw/gh-aw/pkg/cli/mcp_tools_readonly.go:92:6: registerCompileTool is 187 lines long (limit: 60); consider breaking it up
/home/runner/work/gh-aw/gh-aw/pkg/cli/mcp_tools_readonly.go:129:109: func literal is 147 lines long (limit: 60); consider breaking it up
/home/runner/work/gh-aw/gh-aw/pkg/cli/mcp_tools_readonly.go:290:6: registerMCPInspectTool is 66 lines long (limit: 60); consider breaking it up
/home/runner/work/gh-aw/gh-aw/pkg/cli/mcp_validation.go:26:6: validateServerSecrets is 141 lines long (limit: 60); consider breaking it up
/home/runner/work/gh-aw/gh-aw/pkg/cli/model_costs.go:81:6: findModelPricing is 61 lines long (limit: 60); consider breaking it up
/home/runner/work/gh-aw/gh-aw/pkg/cli/observability_insights.go:40:6: buildAuditObservabilityInsights is 100 lines long (limit: 60); consider breaking it up
/home/runner/work/gh-aw/gh-aw/pkg/cli/observability_insights.go:143:6: buildLogsObservabilityInsights is 188 lines long (limit: 60); consider breaking it up
/home/runner/work/gh-aw/gh-aw/pkg/cli/org_runner.go:138:6: runCommandForOrg is 262 lines long (limit: 60); consider breaking it up
/home/runner/work/gh-aw/gh-aw/pkg/cli/outcome_domain_breakdown.go:28:6: ComputeDomainBreakdowns is 75 lines long (limit: 60); consider breaking it up
/home/runner/work/gh-aw/gh-aw/pkg/cli/outcome_eval.go:160:6: ComputeOutcomeSummary is 67 lines long (limit: 60); consider breaking it up
/home/runner/work/gh-aw/gh-aw/pkg/cli/outcome_eval.go:496:6: loadPullRequestIntentData is 70 lines long (limit: 60); consider breaking it up
/home/runner/work/gh-aw/gh-aw/pkg/cli/outcome_eval_agent.go:13:6: evalAssignToAgent is 115 lines long (limit: 60); consider breaking it up
/home/runner/work/gh-aw/gh-aw/pkg/cli/outcome_eval_comment.go:14:6: evalAddComment is 77 lines long (limit: 60); consider breaking it up
/home/runner/work/gh-aw/gh-aw/pkg/cli/outcome_eval_enrich.go:17:6: enrichItemsFromAgentOutput is 67 lines long (limit: 60); consider breaking it up
/home/runner/work/gh-aw/gh-aw/pkg/cli/outcome_eval_issue.go:14:6: evalCreateIssue is 84 lines long (limit: 60); consider breaking it up
/home/runner/work/gh-aw/gh-aw/pkg/cli/outcome_eval_label.go:16:6: evalReplaceLabel is 84 lines long (limit: 60); consider breaking it up
/home/runner/work/gh-aw/gh-aw/pkg/cli/outcome_eval_pr.go:49:6: evalCreatePullRequest is 79 lines long (limit: 60); consider breaking it up
/home/runner/work/gh-aw/gh-aw/pkg/cli/outcome_eval_review.go:17:6: evalAddReviewer is 137 lines long (limit: 60); consider breaking it up
/home/runner/work/gh-aw/gh-aw/pkg/cli/outcome_eval_review.go:157:6: evalSubmitPullRequestReview is 112 lines long (limit: 60); consider breaking it up
/home/runner/work/gh-aw/gh-aw/pkg/cli/outcome_eval_update.go:27:6: evalRetainedUpdate is 90 lines long (limit: 60); consider breaking it up
/home/runner/work/gh-aw/gh-aw/pkg/cli/outcome_eval_workflow.go:21:6: evalDispatchWorkflow is 67 lines long (limit: 60); consider breaking it up
/home/runner/work/gh-aw/gh-aw/pkg/cli/outcome_evaluation.go:42:6: normalizeOutcomeEvaluation is 74 lines long (limit: 60); consider breaking it up
/home/runner/work/gh-aw/gh-aw/pkg/cli/outcomes_command.go:89:6: RunOutcomes is 173 lines long (limit: 60); consider breaking it up
/home/runner/work/gh-aw/gh-aw/pkg/cli/outcomes_history.go:117:6: RunOutcomesHistory is 62 lines long (limit: 60); consider breaking it up
/home/runner/work/gh-aw/gh-aw/pkg/cli/outcomes_history.go:208:6: buildHistoricalObjectiveReport is 94 lines long (limit: 60); consider breaking it up
/home/runner/work/gh-aw/gh-aw/pkg/cli/packages.go:44:6: collectLocalIncludeDependenciesRecursive is 67 lines long (limit: 60); consider breaking it up
/home/runner/work/gh-aw/gh-aw/pkg/cli/packages.go:116:6: copyIncludeDependenciesFromPackageWithForce is 68 lines long (limit: 60); consider breaking it up
/home/runner/work/gh-aw/gh-aw/pkg/cli/poutine.go:77:6: runPoutineOnDirectory is 90 lines long (limit: 60); consider breaking it up
/home/runner/work/gh-aw/gh-aw/pkg/cli/poutine.go:172:6: runPoutineOnFile is 98 lines long (limit: 60); consider breaking it up
/home/runner/work/gh-aw/gh-aw/pkg/cli/poutine.go:275:6: parseAndDisplayPoutineOutput is 105 lines long (limit: 60); consider breaking it up
/home/runner/work/gh-aw/gh-aw/pkg/cli/poutine.go:385:6: parseAndDisplayPoutineOutputForDirectory is 139 lines long (limit: 60); consider breaking it up
/home/runner/work/gh-aw/gh-aw/pkg/cli/pr_automerge.go:32:6: AutoMergePullRequestsCreatedAfter is 78 lines long (limit: 60); consider breaking it up
/home/runner/work/gh-aw/gh-aw/pkg/cli/pr_command.go:257:6: applyPatchToRepo is 143 lines long (limit: 60); consider breaking it up
/home/runner/work/gh-aw/gh-aw/pkg/cli/pr_command.go:404:6: createTransferPR is 125 lines long (limit: 60); consider breaking it up
/home/runner/work/gh-aw/gh-aw/pkg/cli/pr_command.go:533:6: transferPR is 223 lines long (limit: 60); consider breaking it up
/home/runner/work/gh-aw/gh-aw/pkg/cli/preconditions.go:43:6: checkActionsEnabledShared is 64 lines long (limit: 60); consider breaking it up
/home/runner/work/gh-aw/gh-aw/pkg/cli/project_command.go:114:6: RunProjectNew is 95 lines long (limit: 60); consider breaking it up
/home/runner/work/gh-aw/gh-aw/pkg/cli/project_command.go:355:6: linkProjectToRepo is 62 lines long (limit: 60); consider breaking it up
/home/runner/work/gh-aw/gh-aw/pkg/cli/project_command.go:642:6: getStatusField is 96 lines long (limit: 60); consider breaking it up
/home/runner/work/gh-aw/gh-aw/pkg/cli/redacted_domains.go:81:6: analyzeRedactedDomains is 71 lines long (limit: 60); consider breaking it up
/home/runner/work/gh-aw/gh-aw/pkg/cli/remove_command.go:21:6: RemoveWorkflows is 150 lines long (limit: 60); consider breaking it up
/home/runner/work/gh-aw/gh-aw/pkg/cli/remove_command.go:175:6: cleanupOrphanedIncludes is 86 lines long (limit: 60); consider breaking it up
/home/runner/work/gh-aw/gh-aw/pkg/cli/remove_command.go:265:6: previewOrphanedIncludes is 69 lines long (limit: 60); consider breaking it up
/home/runner/work/gh-aw/gh-aw/pkg/cli/remove_command.go:428:6: parseIncludePath is 65 lines long (limit: 60); consider breaking it up
/home/runner/work/gh-aw/gh-aw/pkg/cli/resources.go:70:6: fetchAndSaveRemoteResources is 161 lines long (limit: 60); consider breaking it up
/home/runner/work/gh-aw/gh-aw/pkg/cli/retry.go:38:6: ExecuteWithRepeat is 86 lines long (limit: 60); consider breaking it up
/home/runner/work/gh-aw/gh-aw/pkg/cli/run_interactive.go:31:6: RunWorkflowInteractively is 75 lines long (limit: 60); consider breaking it up
/home/runner/work/gh-aw/gh-aw/pkg/cli/run_interactive.go:269:6: collectInputsWithMap is 61 lines long (limit: 60); consider breaking it up
/home/runner/work/gh-aw/gh-aw/pkg/cli/run_interactive.go:381:6: RunSpecificWorkflowInteractively is 69 lines long (limit: 60); consider breaking it up
/home/runner/work/gh-aw/gh-aw/pkg/cli/run_push.go:30:6: collectWorkflowFiles is 101 lines long (limit: 60); consider breaking it up
/home/runner/work/gh-aw/gh-aw/pkg/cli/run_push.go:233:6: collectImports is 143 lines long (limit: 60); consider breaking it up
/home/runner/work/gh-aw/gh-aw/pkg/cli/run_push.go:382:6: pushWorkflowFiles is 202 lines long (limit: 60); consider breaking it up
/home/runner/work/gh-aw/gh-aw/pkg/cli/run_workflow_tracking.go:29:6: getLatestWorkflowRunWithRetry is 158 lines long (limit: 60); consider breaking it up
/home/runner/work/gh-aw/gh-aw/pkg/cli/run_workflow_validation.go:87:6: getWorkflowInputs is 70 lines long (limit: 60); consider breaking it up
/home/runner/work/gh-aw/gh-aw/pkg/cli/run_workflow_validation.go:173:6: validateWorkflowInputs is 111 lines long (limit: 60); consider breaking it up
/home/runner/work/gh-aw/gh-aw/pkg/cli/runner_guard.go:41:6: runRunnerGuardOnDirectory is 125 lines long (limit: 60); consider breaking it up
/home/runner/work/gh-aw/gh-aw/pkg/cli/runner_guard.go:171:6: parseAndDisplayRunnerGuardOutput is 123 lines long (limit: 60); consider breaking it up
/home/runner/work/gh-aw/gh-aw/pkg/cli/secret_set_command.go:39:6: newSecretsSetSubcommand is 83 lines long (limit: 60); consider breaking it up
/home/runner/work/gh-aw/gh-aw/pkg/cli/setup_repository.go:361:6: runSetupRepositoryCheckWithRuntime is 81 lines long (limit: 60); consider breaking it up
/home/runner/work/gh-aw/gh-aw/pkg/cli/shell_completion.go:125:6: installBashCompletion is 109 lines long (limit: 60); consider breaking it up
/home/runner/work/gh-aw/gh-aw/pkg/cli/shell_completion.go:238:6: installZshCompletion is 65 lines long (limit: 60); consider breaking it up
/home/runner/work/gh-aw/gh-aw/pkg/cli/signal_aware_poll.go:58:6: PollWithSignalHandling is 78 lines long (limit: 60); consider breaking it up
/home/runner/work/gh-aw/gh-aw/pkg/cli/spec.go:274:6: parseWorkflowSpec is 148 lines long (limit: 60); consider breaking it up
/home/runner/work/gh-aw/gh-aw/pkg/cli/status_command.go:43:6: GetWorkflowStatuses is 156 lines long (limit: 60); consider breaking it up
/home/runner/work/gh-aw/gh-aw/pkg/cli/status_command.go:485:6: fetchLatestRunsByRef is 93 lines long (limit: 60); consider breaking it up
/home/runner/work/gh-aw/gh-aw/pkg/cli/syft.go:38:6: runSyftOnLockFiles is 62 lines long (limit: 60); consider breaking it up
/home/runner/work/gh-aw/gh-aw/pkg/cli/token_usage_find.go:16:6: findTokenUsageFile is 67 lines long (limit: 60); consider breaking it up
/home/runner/work/gh-aw/gh-aw/pkg/cli/token_usage_parse.go:106:6: parseAgentUsageFile is 82 lines long (limit: 60); consider breaking it up
/home/runner/work/gh-aw/gh-aw/pkg/cli/token_usage_subagent.go:14:6: augmentSubagentModelAttribution is 66 lines long (limit: 60); consider breaking it up
/home/runner/work/gh-aw/gh-aw/pkg/cli/token_usage_subagent.go:93:6: extractSubagentModelRequests is 69 lines long (limit: 60); consider breaking it up
/home/runner/work/gh-aw/gh-aw/pkg/cli/tokens_bootstrap.go:44:6: runTokensBootstrap is 81 lines long (limit: 60); consider breaking it up
/home/runner/work/gh-aw/gh-aw/pkg/cli/tool_graph.go:64:21: GenerateMermaidGraph is 105 lines long (limit: 60); consider breaking it up
/home/runner/work/gh-aw/gh-aw/pkg/cli/trial_command.go:11:6: NewTrialCommand is 123 lines long (limit: 60); consider breaking it up
/home/runner/work/gh-aw/gh-aw/pkg/cli/trial_confirmation.go:38:6: showTrialConfirmation is 208 lines long (limit: 60); consider breaking it up
/home/runner/work/gh-aw/gh-aw/pkg/cli/trial_helpers.go:37:6: executeTrialRun is 152 lines long (limit: 60); consider breaking it up
/home/runner/work/gh-aw/gh-aw/pkg/cli/trial_helpers.go:291:6: copyTrialResultsToHostRepo is 109 lines long (limit: 60); consider breaking it up
/home/runner/work/gh-aw/gh-aw/pkg/cli/trial_repository.go:44:6: ensureTrialRepository is 126 lines long (limit: 60); consider breaking it up
/home/runner/work/gh-aw/gh-aw/pkg/cli/trial_repository.go:221:6: installWorkflowInTrialMode is 133 lines long (limit: 60); consider breaking it up
/home/runner/work/gh-aw/gh-aw/pkg/cli/trial_repository.go:424:6: modifyWorkflowForTrialMode is 62 lines long (limit: 60); consider breaking it up
/home/runner/work/gh-aw/gh-aw/pkg/cli/trial_runner.go:19:6: RunWorkflowTrials is 238 lines long (limit: 60); consider breaking it up
/home/runner/work/gh-aw/gh-aw/pkg/cli/trial_support.go:27:6: downloadAllArtifacts is 93 lines long (limit: 60); consider breaking it up
/home/runner/work/gh-aw/gh-aw/pkg/cli/update_actions.go:74:6: updateActions is 226 lines long (limit: 60); consider breaking it up
/home/runner/work/gh-aw/gh-aw/pkg/cli/update_actions.go:309:6: getLatestActionReleaseWithDeps is 128 lines long (limit: 60); consider breaking it up
/home/runner/work/gh-aw/gh-aw/pkg/cli/update_actions.go:441:6: getLatestActionReleaseViaGit is 129 lines long (limit: 60); consider breaking it up
/home/runner/work/gh-aw/gh-aw/pkg/cli/update_actions.go:721:6: updateActionsInWorkflowFiles is 77 lines long (limit: 60); consider breaking it up
/home/runner/work/gh-aw/gh-aw/pkg/cli/update_actions.go:908:6: updateActionRefsInContentWithDeps is 126 lines long (limit: 60); consider breaking it up
/home/runner/work/gh-aw/gh-aw/pkg/cli/update_command.go:24:6: NewUpdateCommand is 175 lines long (limit: 60); consider breaking it up
/home/runner/work/gh-aw/gh-aw/pkg/cli/update_command.go:72:55: func literal is 92 lines long (limit: 60); consider breaking it up
/home/runner/work/gh-aw/gh-aw/pkg/cli/update_command.go:293:6: runUpdateForTargetRepo is 66 lines long (limit: 60); consider breaking it up
/home/runner/work/gh-aw/gh-aw/pkg/cli/update_container_pins.go:75:6: updateContainerPins is 128 lines long (limit: 60); consider breaking it up
/home/runner/work/gh-aw/gh-aw/pkg/cli/update_extension_check.go:49:6: upgradeExtensionIfOutdated is 267 lines long (limit: 60); consider breaking it up
/home/runner/work/gh-aw/gh-aw/pkg/cli/update_manifest.go:62:6: updateManifestWorkflowGroup is 120 lines long (limit: 60); consider breaking it up
/home/runner/work/gh-aw/gh-aw/pkg/cli/update_manifest.go:198:6: updateManifestManagedWorkflow is 91 lines long (limit: 60); consider breaking it up
/home/runner/work/gh-aw/gh-aw/pkg/cli/update_merge.go:24:6: hasLocalModifications is 67 lines long (limit: 60); consider breaking it up
/home/runner/work/gh-aw/gh-aw/pkg/cli/update_merge.go:99:6: MergeWorkflowContent is 153 lines long (limit: 60); consider breaking it up
/home/runner/work/gh-aw/gh-aw/pkg/cli/update_org.go:168:6: previewOrgRepoUpdates is 65 lines long (limit: 60); consider breaking it up
/home/runner/work/gh-aw/gh-aw/pkg/cli/update_redirects.go:33:6: resolveRedirectedUpdateLocation is 89 lines long (limit: 60); consider breaking it up
/home/runner/work/gh-aw/gh-aw/pkg/cli/update_validation.go:90:6: validateUpdateSHAEntriesWithResolvers is 89 lines long (limit: 60); consider breaking it up
/home/runner/work/gh-aw/gh-aw/pkg/cli/update_workflows.go:80:6: UpdateWorkflows is 81 lines long (limit: 60); consider breaking it up
/home/runner/work/gh-aw/gh-aw/pkg/cli/update_workflows.go:177:6: findWorkflowsWithSource is 82 lines long (limit: 60); consider breaking it up
/home/runner/work/gh-aw/gh-aw/pkg/cli/update_workflows.go:565:6: resolveLatestReleaseWithDeps is 98 lines long (limit: 60); consider breaking it up
/home/runner/work/gh-aw/gh-aw/pkg/cli/update_workflows.go:667:6: updateWorkflow is 243 lines long (limit: 60); consider breaking it up
/home/runner/work/gh-aw/gh-aw/pkg/cli/upgrade_command.go:35:6: NewUpgradeCommand is 160 lines long (limit: 60); consider breaking it up
/home/runner/work/gh-aw/gh-aw/pkg/cli/upgrade_command.go:79:55: func literal is 87 lines long (limit: 60); consider breaking it up
/home/runner/work/gh-aw/gh-aw/pkg/cli/upgrade_command.go:234:6: runUpgradeCommand is 185 lines long (limit: 60); consider breaking it up
/home/runner/work/gh-aw/gh-aw/pkg/cli/upgrade_org.go:212:6: runUpgradeForTargetRepo is 101 lines long (limit: 60); consider breaking it up
/home/runner/work/gh-aw/gh-aw/pkg/cli/validate_command.go:12:6: NewValidateCommand is 80 lines long (limit: 60); consider breaking it up
/home/runner/work/gh-aw/gh-aw/pkg/cli/view_command.go:33:6: NewViewCommand is 72 lines long (limit: 60); consider breaking it up
/home/runner/work/gh-aw/gh-aw/pkg/cli/view_command.go:119:6: ViewWorkflowRun is 62 lines long (limit: 60); consider breaking it up
/home/runner/work/gh-aw/gh-aw/pkg/cli/workflows.go:71:6: fetchGitHubWorkflows is 97 lines long (limit: 60); consider breaking it up
/home/runner/work/gh-aw/gh-aw/pkg/cli/workflows.go:356:6: fastParseTitleFromReader is 62 lines long (limit: 60); consider breaking it up
/home/runner/work/gh-aw/gh-aw/pkg/cli/yaml_frontmatter_utils.go:171:6: removeFieldFromBlock is 73 lines long (limit: 60); consider breaking it up
/home/runner/work/gh-aw/gh-aw/pkg/cli/yamllint.go:42:6: runYamllintOnFiles is 65 lines long (limit: 60); consider breaking it up
/home/runner/work/gh-aw/gh-aw/pkg/cli/zizmor.go:52:6: runZizmorOnFiles is 115 lines long (limit: 60); consider breaking it up
/home/runner/work/gh-aw/gh-aw/pkg/cli/zizmor.go:179:6: parseAndDisplayZizmorOutput is 145 lines long (limit: 60); consider breaking it up
/home/runner/work/gh-aw/gh-aw/cmd/gh-aw/main.go:288:54: func literal is 129 lines long (limit: 60); consider breaking it up
/home/runner/work/gh-aw/gh-aw/cmd/gh-aw/main.go:516:6: init is 447 lines long (limit: 60); consider breaking it up
/home/runner/work/gh-aw/gh-aw/cmd/gh-aw/main.go:577:54: func literal is 72 lines long (limit: 60); consider breaking it up
/home/runner/work/gh-aw/gh-aw/pkg/linters/stringbytesroundtrip/stringbytesroundtrip.go:55:6: analyzeRoundTrip is 76 lines long (limit: 60); consider breaking it up
/home/runner/work/gh-aw/gh-aw/pkg/linters/registry.go:72:6: All is 61 lines long (limit: 60); consider breaking it up
/home/runner/work/gh-aw/gh-aw/pkg/workflow/checkout_config_parser.go:316:4: string concatenation with += inside a loop allocates O(n) strings and O(n²) total bytes; use strings.Builder instead
/home/runner/work/gh-aw/gh-aw/pkg/workflow/checkout_config_parser.go:327:5: string concatenation with += inside a loop allocates O(n) strings and O(n²) total bytes; use strings.Builder instead
/home/runner/work/gh-aw/gh-aw/pkg/workflow/checkout_config_parser.go:333:4: string concatenation with += inside a loop allocates O(n) strings and O(n²) total bytes; use strings.Builder instead
/home/runner/work/gh-aw/gh-aw/pkg/workflow/checkout_config_parser.go:336:4: string concatenation with += inside a loop allocates O(n) strings and O(n²) total bytes; use strings.Builder instead
/home/runner/work/gh-aw/gh-aw/pkg/workflow/checkout_config_parser.go:339:4: string concatenation with += inside a loop allocates O(n) strings and O(n²) total bytes; use strings.Builder instead
/home/runner/work/gh-aw/gh-aw/pkg/workflow/checkout_config_parser.go:344:4: string concatenation with += inside a loop allocates O(n) strings and O(n²) total bytes; use strings.Builder instead
/home/runner/work/gh-aw/gh-aw/pkg/workflow/checkout_config_parser.go:346:4: string concatenation with += inside a loop allocates O(n) strings and O(n²) total bytes; use strings.Builder instead
/home/runner/work/gh-aw/gh-aw/pkg/workflow/checkout_config_parser.go:348:4: string concatenation with += inside a loop allocates O(n) strings and O(n²) total bytes; use strings.Builder instead
/home/runner/work/gh-aw/gh-aw/pkg/workflow/checkout_config_parser.go:353:4: string concatenation with += inside a loop allocates O(n) strings and O(n²) total bytes; use strings.Builder instead
/home/runner/work/gh-aw/gh-aw/pkg/workflow/checkout_config_parser.go:356:4: string concatenation with += inside a loop allocates O(n) strings and O(n²) total bytes; use strings.Builder instead
/home/runner/work/gh-aw/gh-aw/pkg/workflow/claude_logs.go:184:6: string concatenation with += inside a loop allocates O(n) strings and O(n²) total bytes; use strings.Builder instead
/home/runner/work/gh-aw/gh-aw/pkg/workflow/copilot_engine_execution.go:743:3: string concatenation with += inside a loop allocates O(n) strings and O(n²) total bytes; use strings.Builder instead
/home/runner/work/gh-aw/gh-aw/pkg/workflow/dependabot.go:684:4: string concatenation with += inside a loop allocates O(n) strings and O(n²) total bytes; use strings.Builder instead
/home/runner/work/gh-aw/gh-aw/pkg/workflow/dependabot.go:686:4: string concatenation with += inside a loop allocates O(n) strings and O(n²) total bytes; use strings.Builder instead
/home/runner/work/gh-aw/gh-aw/pkg/workflow/expression_nodes.go:145:4: string concatenation with += inside a loop allocates O(n) strings and O(n²) total bytes; use strings.Builder instead
/home/runner/work/gh-aw/gh-aw/pkg/workflow/expression_nodes.go:147:4: string concatenation with += inside a loop allocates O(n) strings and O(n²) total bytes; use strings.Builder instead
/home/runner/work/gh-aw/gh-aw/pkg/workflow/strict_mode_permissions_validation.go:64:5: string concatenation with += inside a loop allocates O(n) strings and O(n²) total bytes; use strings.Builder instead
/home/runner/work/gh-aw/gh-aw/pkg/workflow/threat_detection_external.go:340:4: string concatenation with += inside a loop allocates O(n) strings and O(n²) total bytes; use strings.Builder instead
/home/runner/work/gh-aw/gh-aw/pkg/cli/add_interactive_schedule.go:296:4: string concatenation with += inside a loop allocates O(n) strings and O(n²) total bytes; use strings.Builder instead
/home/runner/work/gh-aw/gh-aw/pkg/cli/audit_cross_run_render.go:160:4: string concatenation with += inside a loop allocates O(n) strings and O(n²) total bytes; use strings.Builder instead
/home/runner/work/gh-aw/gh-aw/pkg/cli/audit_report_render.go:249:4: string concatenation with += inside a loop allocates O(n) strings and O(n²) total bytes; use strings.Builder instead
/home/runner/work/gh-aw/gh-aw/pkg/cli/audit_report_render.go:273:4: string concatenation with += inside a loop allocates O(n) strings and O(n²) total bytes; use strings.Builder instead
/home/runner/work/gh-aw/gh-aw/pkg/cli/audit_report_render.go:324:4: string concatenation with += inside a loop allocates O(n) strings and O(n²) total bytes; use strings.Builder instead
/home/runner/work/gh-aw/gh-aw/pkg/cli/audit_report_render.go:355:4: string concatenation with += inside a loop allocates O(n) strings and O(n²) total bytes; use strings.Builder instead
/home/runner/work/gh-aw/gh-aw/pkg/cli/audit_report_render.go:357:4: string concatenation with += inside a loop allocates O(n) strings and O(n²) total bytes; use strings.Builder instead
/home/runner/work/gh-aw/gh-aw/pkg/cli/audit_report_render.go:371:4: string concatenation with += inside a loop allocates O(n) strings and O(n²) total bytes; use strings.Builder instead
/home/runner/work/gh-aw/gh-aw/pkg/cli/audit_report_render.go:385:4: string concatenation with += inside a loop allocates O(n) strings and O(n²) total bytes; use strings.Builder instead
/home/runner/work/gh-aw/gh-aw/pkg/cli/audit_report_render.go:388:4: string concatenation with += inside a loop allocates O(n) strings and O(n²) total bytes; use strings.Builder instead
/home/runner/work/gh-aw/gh-aw/pkg/cli/bootstrap_config.go:33:5: string concatenation with += inside a loop allocates O(n) strings and O(n²) total bytes; use strings.Builder instead
/home/runner/work/gh-aw/gh-aw/pkg/cli/bootstrap_config.go:36:5: string concatenation with += inside a loop allocates O(n) strings and O(n²) total bytes; use strings.Builder instead
/home/runner/work/gh-aw/gh-aw/pkg/cli/bootstrap_config.go:42:5: string concatenation with += inside a loop allocates O(n) strings and O(n²) total bytes; use strings.Builder instead
/home/runner/work/gh-aw/gh-aw/pkg/cli/bootstrap_config.go:45:5: string concatenation with += inside a loop allocates O(n) strings and O(n²) total bytes; use strings.Builder instead
/home/runner/work/gh-aw/gh-aw/pkg/cli/compile_stats.go:176:6: string concatenation with += inside a loop allocates O(n) strings and O(n²) total bytes; use strings.Builder instead
/home/runner/work/gh-aw/gh-aw/pkg/cli/compile_stats.go:178:5: string concatenation with += inside a loop allocates O(n) strings and O(n²) total bytes; use strings.Builder instead
/home/runner/work/gh-aw/gh-aw/pkg/cli/experiments_analyze_statistics.go:331:4: string concatenation with += inside a loop allocates O(n) strings and O(n²) total bytes; use strings.Builder instead
/home/runner/work/gh-aw/gh-aw/pkg/cli/fetch.go:129:6: string concatenation with += inside a loop allocates O(n) strings and O(n²) total bytes; use strings.Builder instead
/home/runner/work/gh-aw/gh-aw/pkg/cli/imports.go:220:5: string concatenation with += inside a loop allocates O(n) strings and O(n²) total bytes; use strings.Builder instead
/home/runner/work/gh-aw/gh-aw/pkg/cli/imports.go:364:5: string concatenation with += inside a loop allocates O(n) strings and O(n²) total bytes; use strings.Builder instead
/home/runner/work/gh-aw/gh-aw/pkg/cli/outcomes_command.go:216:4: string concatenation with += inside a loop allocates O(n) strings and O(n²) total bytes; use strings.Builder instead
/home/runner/work/gh-aw/gh-aw/pkg/cli/view_command.go:210:4: string concatenation with += inside a loop allocates O(n) strings and O(n²) total bytes; use strings.Builder instead
/home/runner/work/gh-aw/gh-aw/pkg/cli/view_command.go:212:4: string concatenation with += inside a loop allocates O(n) strings and O(n²) total bytes; use strings.Builder instead
make: *** [Makefile:779: golint-custom] Error 3
